Station_ID,DATE,Element,VALUE,Measurement_Flag,Quality_Flag,Source_Flag,Observation_Time,Year
NZ000093994,19460101,TMAX,236,"","",G,"",1946
NZ000093994,19460101,TMIN,172,"","",G,"",1946
NZ000933090,19460101,TMAX,171,"","",G,"",1946
NZ000933090,19460101,TMIN,107,"","",G,"",1946
NZ000939450,19460101,TMAX,113,"","",G,"",1946
NZ000939450,19460101,TMIN,32,"","",G,"",1946
NZ000093994,19460102,TMAX,240,"","",G,"",1946
NZ000093994,19460102,TMIN,173,"","",G,"",1946
NZ000933090,19460102,TMAX,184,"","",G,"",1946
NZ000933090,19460102,TMIN,124,"","",G,"",1946
NZ000939450,19460102,TMAX,98,"","",G,"",1946
NZ000939450,19460102,TMIN,45,"","",G,"",1946
NZ000093994,19460103,TMAX,246,"","",G,"",1946
NZ000093994,19460103,TMIN,177,"","",G,"",1946
NZ000933090,19460103,TMAX,193,"","",G,"",1946
NZ000933090,19460103,TMIN,83,"","",G,"",1946
NZ000939450,19460103,TMAX,135,"","",G,"",1946
NZ000939450,19460103,TMIN,57,"","",G,"",1946
NZ000093994,19460104,TMAX,248,"","",G,"",1946
NZ000093994,19460104,TMIN,183,"","",G,"",1946
NZ000933090,19460104,TMAX,198,"","",G,"",1946
NZ000933090,19460104,TMIN,98,"","",G,"",1946
NZ000939450,19460104,TMAX,140,"","",G,"",1946
NZ000939450,19460104,TMIN,91,"","",G,"",1946
NZ000093994,19460105,TMAX,241,"","",G,"",1946
NZ000093994,19460105,TMIN,176,"","",G,"",1946
NZ000933090,19460105,TMAX,214,"","",G,"",1946
NZ000933090,19460105,TMIN,87,"","",G,"",1946
NZ000939450,19460105,TMAX,126,"","",G,"",1946
NZ000939450,19460105,TMIN,91,"","",G,"",1946
NZ000093994,19460106,TMAX,217,"","",G,"",1946
NZ000093994,19460106,TMIN,149,"","",G,"",1946
NZ000933090,19460106,TMAX,192,"","",G,"",1946
NZ000933090,19460106,TMIN,114,"","",G,"",1946
NZ000939450,19460106,TMAX,128,"","",G,"",1946
NZ000939450,19460106,TMIN,79,"","",G,"",1946
NZ000093994,19460107,TMAX,227,"","",G,"",1946
NZ000093994,19460107,TMIN,144,"","",G,"",1946
NZ000933090,19460107,TMAX,171,"","",G,"",1946
NZ000933090,19460107,TMIN,128,"","",G,"",1946
NZ000939450,19460107,TMAX,126,"","",G,"",1946
NZ000939450,19460107,TMIN,78,"","",G,"",1946
NZ000093994,19460108,TMAX,239,"","",G,"",1946
NZ000093994,19460108,TMIN,178,"","",G,"",1946
NZ000933090,19460108,TMAX,183,"","",G,"",1946
NZ000933090,19460108,TMIN,107,"","",G,"",1946
NZ000939450,19460108,TMAX,94,"","",G,"",1946
NZ000939450,19460108,TMIN,81,"","",G,"",1946
NZ000093994,19460109,TMAX,239,"","",G,"",1946
NZ000093994,19460109,TMIN,204,"","",G,"",1946
NZ000933090,19460109,TMAX,183,"","",G,"",1946
NZ000933090,19460109,TMIN,78,"","",G,"",1946
NZ000939450,19460109,TMAX,111,"","",G,"",1946
NZ000939450,19460109,TMIN,75,"","",G,"",1946
NZ000093994,19460110,TMAX,238,"","",G,"",1946
NZ000093994,19460110,TMIN,193,"","",G,"",1946
NZ000933090,19460110,TMAX,173,"","",G,"",1946
NZ000933090,19460110,TMIN,132,"","",G,"",1946
NZ000939450,19460110,TMAX,101,"","",G,"",1946
NZ000939450,19460110,TMIN,62,"","",G,"",1946
NZ000093994,19460111,TMAX,219,"","",G,"",1946
NZ000093994,19460111,TMIN,185,"","",G,"",1946
NZ000933090,19460111,TMAX,199,"","",G,"",1946
NZ000933090,19460111,TMIN,107,"","",G,"",1946
NZ000939450,19460111,TMAX,107,"","",G,"",1946
NZ000939450,19460111,TMIN,81,"","",G,"",1946
NZ000093994,19460112,TMAX,228,"","",G,"",1946
NZ000093994,19460112,TMIN,200,"","",G,"",1946
NZ000933090,19460112,TMAX,227,"","",G,"",1946
NZ000933090,19460112,TMIN,117,"","",G,"",1946
NZ000939450,19460112,TMAX,122,"","",G,"",1946
NZ000939450,19460112,TMIN,64,"","",G,"",1946
NZ000093994,19460113,TMAX,238,"","",G,"",1946
NZ000093994,19460113,TMIN,203,"","",G,"",1946
NZ000933090,19460113,TMAX,223,"","",G,"",1946
NZ000933090,19460113,TMIN,129,"","",G,"",1946
NZ000939450,19460113,TMAX,107,"","",G,"",1946
NZ000939450,19460113,TMIN,69,"","",G,"",1946
NZ000093994,19460114,TMAX,233,"","",G,"",1946
NZ000093994,19460114,TMIN,206,"","",G,"",1946
NZ000933090,19460114,TMAX,203,"","",G,"",1946
NZ000933090,19460114,TMIN,76,"","",G,"",1946
NZ000939450,19460114,TMAX,104,"","",G,"",1946
NZ000939450,19460114,TMIN,71,"","",G,"",1946
NZ000093994,19460115,TMAX,248,"","",G,"",1946
NZ000093994,19460115,TMIN,209,"","",G,"",1946
NZ000933090,19460115,TMAX,203,"","",G,"",1946
NZ000933090,19460115,TMIN,155,"","",G,"",1946
NZ000939450,19460115,TMAX,121,"","",G,"",1946
NZ000939450,19460115,TMIN,54,"","",G,"",1946
NZ000093994,19460116,TMAX,243,"","",G,"",1946
NZ000093994,19460116,TMIN,202,"","",G,"",1946
NZ000933090,19460116,TMAX,213,"","",G,"",1946
NZ000933090,19460116,TMIN,134,"","",G,"",1946
NZ000939450,19460116,TMAX,116,"","",G,"",1946
NZ000939450,19460116,TMIN,67,"","",G,"",1946
NZ000093994,19460117,TMAX,237,"","",G,"",1946
NZ000093994,19460117,TMIN,207,"","",G,"",1946
NZ000933090,19460117,TMAX,196,"","",G,"",1946
NZ000933090,19460117,TMIN,157,"","",G,"",1946
NZ000939450,19460117,TMAX,118,"","",G,"",1946
NZ000939450,19460117,TMIN,42,"","",G,"",1946
NZ000093994,19460118,TMAX,248,"","",G,"",1946
NZ000093994,19460118,TMIN,185,"","",G,"",1946
NZ000933090,19460118,TMAX,209,"","",G,"",1946
NZ000933090,19460118,TMIN,136,"","",G,"",1946
NZ000939450,19460118,TMAX,102,"","",G,"",1946
NZ000939450,19460118,TMIN,42,"","",G,"",1946
NZ000093994,19460119,TMAX,251,"","",G,"",1946
NZ000093994,19460119,TMIN,176,"","",G,"",1946
NZ000933090,19460119,TMAX,190,"","",G,"",1946
NZ000933090,19460119,TMIN,57,"","",G,"",1946
NZ000939450,19460119,TMAX,110,"","",G,"",1946
NZ000939450,19460119,TMIN,43,"","",G,"",1946
NZ000093994,19460120,TMAX,249,"","",G,"",1946
NZ000093994,19460120,TMIN,194,"","",G,"",1946
NZ000933090,19460120,TMAX,186,"","",G,"",1946
NZ000933090,19460120,TMIN,70,"","",G,"",1946
NZ000939450,19460120,TMAX,100,"","",G,"",1946
NZ000939450,19460120,TMIN,69,"","",G,"",1946
NZ000093994,19460121,TMAX,241,"","",G,"",1946
NZ000093994,19460121,TMIN,183,"","",G,"",1946
NZ000933090,19460121,TMAX,203,"","",G,"",1946
NZ000933090,19460121,TMIN,121,"","",G,"",1946
NZ000939450,19460121,TMAX,115,"","",G,"",1946
NZ000939450,19460121,TMIN,84,"","",G,"",1946
NZ000093994,19460122,TMAX,248,"","",G,"",1946
NZ000093994,19460122,TMIN,183,"","",G,"",1946
NZ000933090,19460122,TMAX,183,"","",G,"",1946
NZ000933090,19460122,TMIN,157,"","",G,"",1946
NZ000939450,19460122,TMAX,105,"","",G,"",1946
NZ000939450,19460122,TMIN,70,"","",G,"",1946
NZ000093994,19460123,TMAX,251,"","",G,"",1946
NZ000093994,19460123,TMIN,183,"","",G,"",1946
NZ000933090,19460123,TMAX,196,"","",G,"",1946
NZ000933090,19460123,TMIN,101,"","",G,"",1946
NZ000939450,19460123,TMAX,96,"","",G,"",1946
NZ000939450,19460123,TMIN,60,"","",G,"",1946
NZ000093994,19460124,TMAX,252,"","",G,"",1946
NZ000093994,19460124,TMIN,199,"","",G,"",1946
NZ000933090,19460124,TMAX,194,"","",G,"",1946
NZ000933090,19460124,TMIN,92,"","",G,"",1946
NZ000939450,19460124,TMAX,114,"","",G,"",1946
NZ000939450,19460124,TMIN,64,"","",G,"",1946
NZ000093994,19460125,TMAX,246,"","",G,"",1946
NZ000093994,19460125,TMIN,200,"","",G,"",1946
NZ000933090,19460125,TMAX,192,"","",G,"",1946
NZ000933090,19460125,TMIN,79,"","",G,"",1946
NZ000939450,19460125,TMAX,136,"","",G,"",1946
NZ000939450,19460125,TMIN,93,"","",G,"",1946
NZ000093994,19460126,TMAX,246,"","",G,"",1946
NZ000093994,19460126,TMIN,173,"","",G,"",1946
NZ000933090,19460126,TMAX,226,"","",G,"",1946
NZ000933090,19460126,TMIN,162,"","",G,"",1946
NZ000939450,19460126,TMAX,112,"","",G,"",1946
NZ000939450,19460126,TMIN,81,"","",G,"",1946
NZ000093994,19460127,TMAX,238,"","",G,"",1946
NZ000093994,19460127,TMIN,159,"","",G,"",1946
NZ000933090,19460127,TMAX,196,"","",G,"",1946
NZ000933090,19460127,TMIN,57,"","",G,"",1946
NZ000939450,19460127,TMAX,97,"","",G,"",1946
NZ000939450,19460127,TMIN,56,"","",G,"",1946
NZ000093994,19460128,TMAX,249,"","",G,"",1946
NZ000093994,19460128,TMIN,183,"","",G,"",1946
NZ000933090,19460128,TMAX,194,"","",G,"",1946
NZ000933090,19460128,TMIN,69,"","",G,"",1946
NZ000939450,19460128,TMAX,106,"","",G,"",1946
NZ000939450,19460128,TMIN,52,"","",G,"",1946
NZ000093994,19460129,TMAX,262,"","",G,"",1946
NZ000093994,19460129,TMIN,183,"","",G,"",1946
NZ000933090,19460129,TMAX,206,"","",G,"",1946
NZ000933090,19460129,TMIN,86,"","",G,"",1946
NZ000939450,19460129,TMAX,118,"","",G,"",1946
NZ000939450,19460129,TMIN,74,"","",G,"",1946
NZ000093994,19460130,TMAX,277,"","",G,"",1946
NZ000093994,19460130,TMIN,211,"","",G,"",1946
NZ000933090,19460130,TMAX,196,"","",G,"",1946
NZ000933090,19460130,TMIN,112,"","",G,"",1946
NZ000939450,19460130,TMAX,112,"","",G,"",1946
NZ000939450,19460130,TMIN,71,"","",G,"",1946
NZ000093994,19460131,TMAX,256,"","",G,"",1946
NZ000093994,19460131,TMIN,222,"","",G,"",1946
NZ000933090,19460131,TMAX,188,"","",G,"",1946
NZ000933090,19460131,TMIN,81,"","",G,"",1946
NZ000939450,19460131,TMAX,118,"","",G,"",1946
NZ000939450,19460131,TMIN,67,"","",G,"",1946
NZ000093994,19460201,TMAX,239,"","",G,"",1946
NZ000093994,19460201,TMIN,198,"","",G,"",1946
NZ000933090,19460201,TMAX,193,"","",G,"",1946
NZ000933090,19460201,TMIN,154,"","",G,"",1946
NZ000939450,19460201,TMAX,127,"","",G,"",1946
NZ000939450,19460201,TMIN,52,"","",G,"",1946
NZ000093994,19460202,TMAX,239,"","",G,"",1946
NZ000093994,19460202,TMIN,206,"","",G,"",1946
NZ000933090,19460202,TMAX,201,"","",G,"",1946
NZ000933090,19460202,TMIN,83,"","",G,"",1946
NZ000939450,19460202,TMAX,118,"","",G,"",1946
NZ000939450,19460202,TMIN,51,"","",G,"",1946
NZ000093994,19460203,TMAX,238,"","",G,"",1946
NZ000093994,19460203,TMIN,216,"","",G,"",1946
NZ000933090,19460203,TMAX,188,"","",G,"",1946
NZ000933090,19460203,TMIN,156,"","",G,"",1946
NZ000939450,19460203,TMAX,128,"","",G,"",1946
NZ000939450,19460203,TMIN,69,"","",G,"",1946
NZ000093994,19460204,TMAX,246,"","",G,"",1946
NZ000093994,19460204,TMIN,226,"","",G,"",1946
NZ000933090,19460204,TMAX,194,"","",G,"",1946
NZ000933090,19460204,TMIN,147,"","",G,"",1946
NZ000939450,19460204,TMAX,130,"","",G,"",1946
NZ000939450,19460204,TMIN,84,"","",G,"",1946
NZ000093994,19460205,TMAX,256,"","",G,"",1946
NZ000093994,19460205,TMIN,229,"","",G,"",1946
NZ000933090,19460205,TMAX,207,"","",G,"",1946
NZ000933090,19460205,TMIN,87,"","",G,"",1946
NZ000939450,19460205,TMAX,97,"","",G,"",1946
NZ000939450,19460205,TMIN,74,"","",G,"",1946
NZ000093994,19460206,TMAX,261,"","",G,"",1946
NZ000093994,19460206,TMIN,233,"","",G,"",1946
NZ000933090,19460206,TMAX,169,"","",G,"",1946
NZ000933090,19460206,TMIN,78,"","",G,"",1946
NZ000939450,19460206,TMAX,118,"","",G,"",1946
NZ000939450,19460206,TMIN,77,"","",G,"",1946
NZ000093994,19460207,TMAX,244,"","",G,"",1946
NZ000093994,19460207,TMIN,198,"","",G,"",1946
NZ000933090,19460207,TMAX,196,"","",G,"",1946
NZ000933090,19460207,TMIN,144,"","",G,"",1946
NZ000939450,19460207,TMAX,132,"","",G,"",1946
NZ000939450,19460207,TMIN,86,"","",G,"",1946
NZ000093994,19460208,TMAX,238,"","",G,"",1946
NZ000093994,19460208,TMIN,207,"","",G,"",1946
NZ000933090,19460208,TMAX,206,"","",G,"",1946
NZ000933090,19460208,TMIN,138,"","",G,"",1946
NZ000939450,19460208,TMAX,116,"","",G,"",1946
NZ000939450,19460208,TMIN,55,"","",G,"",1946
NZ000093994,19460209,TMAX,242,"","",G,"",1946
NZ000093994,19460209,TMIN,215,"","",G,"",1946
NZ000933090,19460209,TMAX,207,"","",G,"",1946
NZ000933090,19460209,TMIN,122,"","",G,"",1946
NZ000939450,19460209,TMAX,105,"","",G,"",1946
NZ000939450,19460209,TMIN,56,"","",G,"",1946
NZ000093994,19460210,TMAX,247,"","",G,"",1946
NZ000093994,19460210,TMIN,212,"","",G,"",1946
NZ000933090,19460210,TMAX,220,"","",G,"",1946
NZ000933090,19460210,TMIN,84,"","",G,"",1946
NZ000939450,19460210,TMAX,108,"","",G,"",1946
NZ000939450,19460210,TMIN,84,"","",G,"",1946
NZ000093994,19460211,TMAX,247,"","",G,"",1946
NZ000093994,19460211,TMIN,200,"","",G,"",1946
NZ000933090,19460211,TMAX,190,"","",G,"",1946
NZ000933090,19460211,TMIN,97,"","",G,"",1946
NZ000939450,19460211,TMAX,114,"","",G,"",1946
NZ000939450,19460211,TMIN,84,"","",G,"",1946
NZ000093994,19460212,TMAX,244,"","",G,"",1946
NZ000093994,19460212,TMIN,222,"","",G,"",1946
NZ000933090,19460212,TMAX,216,"","",G,"",1946
NZ000933090,19460212,TMIN,136,"","",G,"",1946
NZ000939450,19460212,TMAX,133,"","",G,"",1946
NZ000939450,19460212,TMIN,89,"","",G,"",1946
NZ000093994,19460213,TMAX,251,"","",G,"",1946
NZ000093994,19460213,TMIN,217,"","",G,"",1946
NZ000933090,19460213,TMAX,228,"","",G,"",1946
NZ000933090,19460213,TMIN,120,"","",G,"",1946
NZ000939450,19460213,TMAX,121,"","",G,"",1946
NZ000939450,19460213,TMIN,72,"","",G,"",1946
NZ000093994,19460214,TMAX,251,"","",G,"",1946
NZ000093994,19460214,TMIN,196,"","",G,"",1946
NZ000933090,19460214,TMAX,242,"","",G,"",1946
NZ000933090,19460214,TMIN,154,"","",G,"",1946
NZ000939450,19460214,TMAX,125,"","",G,"",1946
NZ000939450,19460214,TMIN,61,"","",G,"",1946
NZ000093994,19460215,TMAX,238,"","",G,"",1946
NZ000093994,19460215,TMIN,204,"","",G,"",1946
NZ000933090,19460215,TMAX,229,"","",G,"",1946
NZ000933090,19460215,TMIN,164,"","",G,"",1946
NZ000939450,19460215,TMAX,117,"","",G,"",1946
NZ000939450,19460215,TMIN,75,"","",G,"",1946
NZ000093994,19460216,TMAX,238,"","",G,"",1946
NZ000093994,19460216,TMIN,206,"","",G,"",1946
NZ000933090,19460216,TMAX,232,"","",G,"",1946
NZ000933090,19460216,TMIN,180,"","",G,"",1946
NZ000939450,19460216,TMAX,106,"","",G,"",1946
NZ000939450,19460216,TMIN,49,"","",G,"",1946
NZ000093994,19460217,TMAX,250,"","",G,"",1946
NZ000093994,19460217,TMIN,211,"","",G,"",1946
NZ000933090,19460217,TMAX,195,"","",G,"",1946
NZ000933090,19460217,TMIN,101,"","",G,"",1946
NZ000939450,19460217,TMAX,107,"","",G,"",1946
NZ000939450,19460217,TMIN,55,"","",G,"",1946
NZ000093994,19460218,TMAX,266,"","",G,"",1946
NZ000093994,19460218,TMIN,202,"","",G,"",1946
NZ000933090,19460218,TMAX,187,"","",G,"",1946
NZ000933090,19460218,TMIN,83,"","",G,"",1946
NZ000939450,19460218,TMAX,100,"","",G,"",1946
NZ000939450,19460218,TMIN,44,"","",G,"",1946
NZ000093994,19460219,TMAX,234,"","",G,"",1946
NZ000093994,19460219,TMIN,191,"","",G,"",1946
NZ000933090,19460219,TMAX,184,"","",G,"",1946
NZ000933090,19460219,TMIN,94,"","",G,"",1946
NZ000939450,19460219,TMAX,107,"","",G,"",1946
NZ000939450,19460219,TMIN,40,"","",G,"",1946
NZ000093994,19460220,TMAX,234,"","",G,"",1946
NZ000093994,19460220,TMIN,174,"","",G,"",1946
NZ000933090,19460220,TMAX,194,"","",G,"",1946
NZ000933090,19460220,TMIN,84,"","",G,"",1946
NZ000939450,19460220,TMAX,108,"","",G,"",1946
NZ000939450,19460220,TMIN,67,"","",G,"",1946
NZ000093994,19460221,TMAX,228,"","",G,"",1946
NZ000093994,19460221,TMIN,174,"","",G,"",1946
NZ000933090,19460221,TMAX,193,"","",G,"",1946
NZ000933090,19460221,TMIN,111,"","",G,"",1946
NZ000939450,19460221,TMAX,111,"","",G,"",1946
NZ000939450,19460221,TMIN,49,"","",G,"",1946
NZ000093994,19460222,TMAX,234,"","",G,"",1946
NZ000093994,19460222,TMIN,193,"","",G,"",1946
NZ000933090,19460222,TMAX,213,"","",G,"",1946
NZ000933090,19460222,TMIN,86,"","",G,"",1946
NZ000939450,19460222,TMAX,126,"","",G,"",1946
NZ000939450,19460222,TMIN,75,"","",G,"",1946
NZ000093994,19460223,TMAX,237,"","",G,"",1946
NZ000093994,19460223,TMIN,187,"","",G,"",1946
NZ000933090,19460223,TMAX,211,"","",G,"",1946
NZ000933090,19460223,TMIN,121,"","",G,"",1946
NZ000939450,19460223,TMAX,116,"","",G,"",1946
NZ000939450,19460223,TMIN,72,"","",G,"",1946
NZ000093994,19460224,TMAX,239,"","",G,"",1946
NZ000093994,19460224,TMIN,196,"","",G,"",1946
NZ000933090,19460224,TMAX,226,"","",G,"",1946
NZ000933090,19460224,TMIN,114,"","",G,"",1946
NZ000939450,19460224,TMAX,112,"","",G,"",1946
NZ000939450,19460224,TMIN,67,"","",G,"",1946
NZ000093994,19460225,TMAX,236,"","",G,"",1946
NZ000093994,19460225,TMIN,193,"","",G,"",1946
NZ000933090,19460225,TMAX,219,"","",G,"",1946
NZ000933090,19460225,TMIN,106,"","",G,"",1946
NZ000939450,19460225,TMAX,141,"","",G,"",1946
NZ000939450,19460225,TMIN,88,"","",G,"",1946
NZ000093994,19460226,TMAX,233,"","",G,"",1946
NZ000093994,19460226,TMIN,193,"","",G,"",1946
NZ000933090,19460226,TMAX,214,"","",G,"",1946
NZ000933090,19460226,TMIN,104,"","",G,"",1946
NZ000939450,19460226,TMAX,113,"","",G,"",1946
NZ000939450,19460226,TMIN,99,"","",G,"",1946
NZ000093994,19460227,TMAX,234,"","",G,"",1946
NZ000093994,19460227,TMIN,196,"","",G,"",1946
NZ000933090,19460227,TMAX,217,"","",G,"",1946
NZ000933090,19460227,TMIN,114,"","",G,"",1946
NZ000939450,19460227,TMAX,129,"","",G,"",1946
NZ000939450,19460227,TMIN,68,"","",G,"",1946
NZ000093994,19460228,TMAX,223,"","",G,"",1946
NZ000093994,19460228,TMIN,201,"","",G,"",1946
NZ000933090,19460228,TMAX,227,"","",G,"",1946
NZ000933090,19460228,TMIN,114,"","",G,"",1946
NZ000939450,19460228,TMAX,107,"","",G,"",1946
NZ000939450,19460228,TMIN,71,"","",G,"",1946
NZ000093994,19460301,TMAX,259,"","",G,"",1946
NZ000093994,19460301,TMIN,185,"","",G,"",1946
NZ000933090,19460301,TMAX,219,"","",G,"",1946
NZ000933090,19460301,TMIN,104,"","",G,"",1946
NZ000939450,19460301,TMAX,112,"","",G,"",1946
NZ000939450,19460301,TMIN,71,"","",G,"",1946
NZ000093994,19460302,TMAX,261,"","",G,"",1946
NZ000093994,19460302,TMIN,196,"","",G,"",1946
NZ000933090,19460302,TMAX,206,"","",G,"",1946
NZ000933090,19460302,TMIN,113,"","",G,"",1946
NZ000939450,19460302,TMAX,101,"","",G,"",1946
NZ000939450,19460302,TMIN,42,"","",G,"",1946
NZ000093994,19460303,TMAX,244,"","",G,"",1946
NZ000093994,19460303,TMIN,192,"","",G,"",1946
NZ000933090,19460303,TMAX,200,"","",G,"",1946
NZ000933090,19460303,TMIN,100,"","",G,"",1946
NZ000939450,19460303,TMAX,89,"","",G,"",1946
NZ000939450,19460303,TMIN,44,"","",G,"",1946
NZ000093994,19460304,TMAX,249,"","",G,"",1946
NZ000093994,19460304,TMIN,183,"","",G,"",1946
NZ000933090,19460304,TMAX,144,"","",G,"",1946
NZ000933090,19460304,TMIN,83,"","",G,"",1946
NZ000939450,19460304,TMAX,106,"","",G,"",1946
NZ000939450,19460304,TMIN,68,"","",G,"",1946
NZ000093994,19460305,TMAX,244,"","",G,"",1946
NZ000093994,19460305,TMIN,164,"","",G,"",1946
NZ000933090,19460305,TMAX,161,"","",G,"",1946
NZ000933090,19460305,TMIN,99,"","",G,"",1946
NZ000939450,19460305,TMAX,112,"","",G,"",1946
NZ000939450,19460305,TMIN,31,"","",G,"",1946
NZ000093994,19460306,TMAX,236,"","",G,"",1946
NZ000093994,19460306,TMIN,156,"","",G,"",1946
NZ000933090,19460306,TMAX,172,"","",G,"",1946
NZ000933090,19460306,TMIN,98,"","",G,"",1946
NZ000939450,19460306,TMAX,111,"","",G,"",1946
NZ000939450,19460306,TMIN,82,"","",G,"",1946
NZ000093994,19460307,TMAX,233,"","",G,"",1946
NZ000093994,19460307,TMIN,195,"","",G,"",1946
NZ000933090,19460307,TMAX,195,"","",G,"",1946
NZ000933090,19460307,TMIN,68,"","",G,"",1946
NZ000939450,19460307,TMAX,133,"","",G,"",1946
NZ000939450,19460307,TMIN,86,"","",G,"",1946
NZ000093994,19460308,TMAX,233,"","",G,"",1946
NZ000093994,19460308,TMIN,194,"","",G,"",1946
NZ000933090,19460308,TMAX,199,"","",G,"",1946
NZ000933090,19460308,TMIN,83,"","",G,"",1946
NZ000939450,19460308,TMAX,106,"","",G,"",1946
NZ000939450,19460308,TMIN,38,"","",G,"",1946
NZ000093994,19460309,TMAX,213,"","",G,"",1946
NZ000093994,19460309,TMIN,189,"","",G,"",1946
NZ000933090,19460309,TMAX,229,"","",G,"",1946
NZ000933090,19460309,TMIN,116,"","",G,"",1946
NZ000939450,19460309,TMAX,133,"","",G,"",1946
NZ000939450,19460309,TMIN,80,"","",G,"",1946
NZ000093994,19460310,TMAX,229,"","",G,"",1946
NZ000093994,19460310,TMIN,202,"","",G,"",1946
NZ000933090,19460310,TMAX,223,"","",G,"",1946
NZ000933090,19460310,TMIN,151,"","",G,"",1946
NZ000939450,19460310,TMAX,138,"","",G,"",1946
NZ000939450,19460310,TMIN,94,"","",G,"",1946
NZ000093994,19460311,TMAX,244,"","",G,"",1946
NZ000093994,19460311,TMIN,210,"","",G,"",1946
NZ000933090,19460311,TMAX,211,"","",G,"",1946
NZ000933090,19460311,TMIN,178,"","",G,"",1946
NZ000939450,19460311,TMAX,172,"","",G,"",1946
NZ000939450,19460311,TMIN,93,"","",G,"",1946
NZ000093994,19460312,TMAX,243,"","",G,"",1946
NZ000093994,19460312,TMIN,203,"","",G,"",1946
NZ000933090,19460312,TMAX,218,"","",G,"",1946
NZ000933090,19460312,TMIN,185,"","",G,"",1946
NZ000939450,19460312,TMAX,172,"","",G,"",1946
NZ000939450,19460312,TMIN,106,"","",G,"",1946
NZ000093994,19460313,TMAX,246,"","",G,"",1946
NZ000093994,19460313,TMIN,206,"","",G,"",1946
NZ000933090,19460313,TMAX,193,"","",G,"",1946
NZ000933090,19460313,TMIN,172,"","",G,"",1946
NZ000939450,19460313,TMAX,132,"","",G,"",1946
NZ000939450,19460313,TMIN,74,"","",G,"",1946
NZ000093994,19460314,TMAX,245,"","",G,"",1946
NZ000093994,19460314,TMIN,201,"","",G,"",1946
NZ000933090,19460314,TMAX,188,"","",G,"",1946
NZ000933090,19460314,TMIN,157,"","",G,"",1946
NZ000939450,19460314,TMAX,107,"","",G,"",1946
NZ000939450,19460314,TMIN,80,"","",G,"",1946
NZ000093994,19460315,TMAX,243,"","",G,"",1946
NZ000093994,19460315,TMIN,203,"","",G,"",1946
NZ000933090,19460315,TMAX,224,"","",G,"",1946
NZ000933090,19460315,TMIN,158,"","",G,"",1946
NZ000939450,19460315,TMAX,107,"","",G,"",1946
NZ000939450,19460315,TMIN,82,"","",G,"",1946
NZ000093994,19460316,TMAX,240,"","",G,"",1946
NZ000093994,19460316,TMIN,194,"","",G,"",1946
NZ000933090,19460316,TMAX,197,"","",G,"",1946
NZ000933090,19460316,TMIN,157,"","",G,"",1946
NZ000939450,19460316,TMAX,122,"","",G,"",1946
NZ000939450,19460316,TMIN,83,"","",G,"",1946
NZ000093994,19460317,TMAX,236,"","",G,"",1946
NZ000093994,19460317,TMIN,195,"","",G,"",1946
NZ000933090,19460317,TMAX,229,"","",G,"",1946
NZ000933090,19460317,TMIN,119,"","",G,"",1946
NZ000939450,19460317,TMAX,114,"","",G,"",1946
NZ000939450,19460317,TMIN,71,"","",G,"",1946
NZ000093994,19460318,TMAX,236,"","",G,"",1946
NZ000093994,19460318,TMIN,198,"","",G,"",1946
NZ000933090,19460318,TMAX,217,"","",G,"",1946
NZ000933090,19460318,TMIN,122,"","",G,"",1946
NZ000939450,19460318,TMAX,111,"","",G,"",1946
NZ000939450,19460318,TMIN,33,"","",G,"",1946
NZ000093994,19460319,TMAX,240,"","",G,"",1946
NZ000093994,19460319,TMIN,187,"","",G,"",1946
NZ000933090,19460319,TMAX,206,"","",G,"",1946
NZ000933090,19460319,TMIN,118,"","",G,"",1946
NZ000939450,19460319,TMAX,139,"","",G,"",1946
NZ000939450,19460319,TMIN,88,"","",G,"",1946
NZ000093994,19460320,TMAX,235,"","",G,"",1946
NZ000093994,19460320,TMIN,191,"","",G,"",1946
NZ000933090,19460320,TMAX,209,"","",G,"",1946
NZ000933090,19460320,TMIN,150,"","",G,"",1946
NZ000939450,19460320,TMAX,114,"","",G,"",1946
NZ000939450,19460320,TMIN,72,"","",G,"",1946
NZ000093994,19460321,TMAX,234,"","",G,"",1946
NZ000093994,19460321,TMIN,199,"","",G,"",1946
NZ000933090,19460321,TMAX,204,"","",G,"",1946
NZ000933090,19460321,TMIN,151,"","",G,"",1946
NZ000939450,19460321,TMAX,128,"","",G,"",1946
NZ000939450,19460321,TMIN,83,"","",G,"",1946
NZ000093994,19460322,TMAX,229,"","",G,"",1946
NZ000093994,19460322,TMIN,194,"","",G,"",1946
NZ000933090,19460322,TMAX,208,"","",G,"",1946
NZ000933090,19460322,TMIN,91,"","",G,"",1946
NZ000939450,19460322,TMAX,111,"","",G,"",1946
NZ000939450,19460322,TMIN,94,"","",G,"",1946
NZ000093994,19460323,TMAX,218,"","",G,"",1946
NZ000093994,19460323,TMIN,172,"","",G,"",1946
NZ000933090,19460323,TMAX,212,"","",G,"",1946
NZ000933090,19460323,TMIN,78,"","",G,"",1946
NZ000939450,19460323,TMAX,111,"","",G,"",1946
NZ000939450,19460323,TMIN,98,"","",G,"",1946
NZ000093994,19460324,TMAX,225,"","",G,"",1946
NZ000093994,19460324,TMIN,170,"","",G,"",1946
NZ000933090,19460324,TMAX,189,"","",G,"",1946
NZ000933090,19460324,TMIN,79,"","",G,"",1946
NZ000939450,19460324,TMAX,109,"","",G,"",1946
NZ000939450,19460324,TMIN,71,"","",G,"",1946
NZ000093994,19460325,TMAX,234,"","",G,"",1946
NZ000093994,19460325,TMIN,166,"","",G,"",1946
NZ000933090,19460325,TMAX,213,"","",G,"",1946
NZ000933090,19460325,TMIN,83,"","",G,"",1946
NZ000939450,19460325,TMAX,96,"","",G,"",1946
NZ000939450,19460325,TMIN,64,"","",G,"",1946
NZ000093994,19460326,TMAX,240,"","",G,"",1946
NZ000093994,19460326,TMIN,183,"","",G,"",1946
NZ000933090,19460326,TMAX,212,"","",G,"",1946
NZ000933090,19460326,TMIN,104,"","",G,"",1946
NZ000939450,19460326,TMAX,89,"","",G,"",1946
NZ000939450,19460326,TMIN,62,"","",G,"",1946
NZ000093994,19460327,TMAX,232,"","",G,"",1946
NZ000093994,19460327,TMIN,174,"","",G,"",1946
NZ000933090,19460327,TMAX,203,"","",G,"",1946
NZ000933090,19460327,TMIN,136,"","",G,"",1946
NZ000939450,19460327,TMAX,92,"","",G,"",1946
NZ000939450,19460327,TMIN,49,"","",G,"",1946
NZ000093994,19460328,TMAX,229,"","",G,"",1946
NZ000093994,19460328,TMIN,181,"","",G,"",1946
NZ000933090,19460328,TMAX,202,"","",G,"",1946
NZ000933090,19460328,TMIN,157,"","",G,"",1946
NZ000939450,19460328,TMAX,81,"","",G,"",1946
NZ000939450,19460328,TMIN,44,"","",G,"",1946
NZ000093994,19460329,TMAX,233,"","",G,"",1946
NZ000093994,19460329,TMIN,177,"","",G,"",1946
NZ000933090,19460329,TMAX,202,"","",G,"",1946
NZ000933090,19460329,TMIN,152,"","",G,"",1946
NZ000939450,19460329,TMAX,83,"","",G,"",1946
NZ000939450,19460329,TMIN,54,"","",G,"",1946
NZ000093994,19460330,TMAX,240,"","",G,"",1946
NZ000093994,19460330,TMIN,172,"","",G,"",1946
NZ000933090,19460330,TMAX,196,"","",G,"",1946
NZ000933090,19460330,TMIN,131,"","",G,"",1946
NZ000939450,19460330,TMAX,91,"","",G,"",1946
NZ000939450,19460330,TMIN,39,"","",G,"",1946
NZ000093994,19460331,TMAX,246,"","",G,"",1946
NZ000093994,19460331,TMIN,182,"","",G,"",1946
NZ000933090,19460331,TMAX,182,"","",G,"",1946
NZ000933090,19460331,TMIN,72,"","",G,"",1946
NZ000939450,19460331,TMAX,93,"","",G,"",1946
NZ000939450,19460331,TMIN,54,"","",G,"",1946
NZ000093994,19460401,TMAX,246,"","",G,"",1946
NZ000093994,19460401,TMIN,167,"","",G,"",1946
NZ000933090,19460401,TMAX,179,"","",G,"",1946
NZ000933090,19460401,TMIN,132,"","",G,"",1946
NZ000939450,19460401,TMAX,94,"","",G,"",1946
NZ000939450,19460401,TMIN,38,"","",G,"",1946
NZ000093994,19460402,TMAX,244,"","",G,"",1946
NZ000093994,19460402,TMIN,151,"","",G,"",1946
NZ000933090,19460402,TMAX,188,"","",G,"",1946
NZ000933090,19460402,TMIN,78,"","",G,"",1946
NZ000939450,19460402,TMAX,99,"","",G,"",1946
NZ000939450,19460402,TMIN,50,"","",G,"",1946
NZ000093994,19460403,TMAX,227,"","",G,"",1946
NZ000093994,19460403,TMIN,169,"","",G,"",1946
NZ000933090,19460403,TMAX,193,"","",G,"",1946
NZ000933090,19460403,TMIN,101,"","",G,"",1946
NZ000939450,19460403,TMAX,99,"","",G,"",1946
NZ000939450,19460403,TMIN,64,"","",G,"",1946
NZ000093994,19460404,TMAX,238,"","",G,"",1946
NZ000093994,19460404,TMIN,173,"","",G,"",1946
NZ000933090,19460404,TMAX,211,"","",G,"",1946
NZ000933090,19460404,TMIN,86,"","",G,"",1946
NZ000939450,19460404,TMAX,97,"","",G,"",1946
NZ000939450,19460404,TMIN,61,"","",G,"",1946
NZ000093994,19460405,TMAX,232,"","",G,"",1946
NZ000093994,19460405,TMIN,179,"","",G,"",1946
NZ000933090,19460405,TMAX,180,"","",G,"",1946
NZ000933090,19460405,TMIN,126,"","",G,"",1946
NZ000939450,19460405,TMAX,107,"","",G,"",1946
NZ000939450,19460405,TMIN,44,"","",G,"",1946
NZ000093994,19460406,TMAX,243,"","",G,"",1946
NZ000093994,19460406,TMIN,201,"","",G,"",1946
NZ000933090,19460406,TMAX,194,"","",G,"",1946
NZ000933090,19460406,TMIN,150,"","",G,"",1946
NZ000939450,19460406,TMAX,84,"","",G,"",1946
NZ000939450,19460406,TMIN,44,"","",G,"",1946
NZ000093994,19460407,TMAX,256,"","",G,"",1946
NZ000093994,19460407,TMIN,189,"","",G,"",1946
NZ000933090,19460407,TMAX,206,"","",G,"",1946
NZ000933090,19460407,TMIN,137,"","",G,"",1946
NZ000939450,19460407,TMAX,118,"","",G,"",1946
NZ000939450,19460407,TMIN,53,"","",G,"",1946
NZ000093994,19460408,TMAX,264,"","",G,"",1946
NZ000093994,19460408,TMIN,216,"","",G,"",1946
NZ000933090,19460408,TMAX,194,"","",G,"",1946
NZ000933090,19460408,TMIN,141,"","",G,"",1946
NZ000939450,19460408,TMAX,93,"","",G,"",1946
NZ000939450,19460408,TMIN,47,"","",G,"",1946
NZ000093994,19460409,TMAX,264,"","",G,"",1946
NZ000093994,19460409,TMIN,217,"","",G,"",1946
NZ000933090,19460409,TMAX,192,"","",G,"",1946
NZ000933090,19460409,TMIN,128,"","",G,"",1946
NZ000939450,19460409,TMAX,57,"","",G,"",1946
NZ000939450,19460409,TMIN,35,"","",G,"",1946
NZ000093994,19460410,TMAX,263,"","",G,"",1946
NZ000093994,19460410,TMIN,211,"","",G,"",1946
NZ000933090,19460410,TMAX,194,"","",G,"",1946
NZ000933090,19460410,TMIN,123,"","",G,"",1946
NZ000939450,19460410,TMAX,72,"","",G,"",1946
NZ000939450,19460410,TMIN,17,"","",G,"",1946
NZ000093994,19460411,TMAX,241,"","",G,"",1946
NZ000093994,19460411,TMIN,171,"","",G,"",1946
NZ000933090,19460411,TMAX,183,"","",G,"",1946
NZ000933090,19460411,TMIN,101,"","",G,"",1946
NZ000939450,19460411,TMAX,94,"","",G,"",1946
NZ000939450,19460411,TMIN,67,"","",G,"",1946
NZ000093994,19460412,TMAX,238,"","",G,"",1946
NZ000093994,19460412,TMIN,163,"","",G,"",1946
NZ000933090,19460412,TMAX,178,"","",G,"",1946
NZ000933090,19460412,TMIN,133,"","",G,"",1946
NZ000939450,19460412,TMAX,101,"","",G,"",1946
NZ000939450,19460412,TMIN,-2,"","",G,"",1946
NZ000093994,19460413,TMAX,243,"","",G,"",1946
NZ000093994,19460413,TMIN,151,"","",G,"",1946
NZ000933090,19460413,TMAX,189,"","",G,"",1946
NZ000933090,19460413,TMIN,128,"","",G,"",1946
NZ000939450,19460413,TMAX,80,"","",G,"",1946
NZ000939450,19460413,TMIN,30,"","",G,"",1946
NZ000093994,19460414,TMAX,245,"","",G,"",1946
NZ000093994,19460414,TMIN,193,"","",G,"",1946
NZ000933090,19460414,TMAX,178,"","",G,"",1946
NZ000933090,19460414,TMIN,111,"","",G,"",1946
NZ000939450,19460414,TMAX,82,"","",G,"",1946
NZ000939450,19460414,TMIN,35,"","",G,"",1946
NZ000093994,19460415,TMAX,235,"","",G,"",1946
NZ000093994,19460415,TMIN,190,"","",G,"",1946
NZ000933090,19460415,TMAX,173,"","",G,"",1946
NZ000933090,19460415,TMIN,100,"","",G,"",1946
NZ000939450,19460415,TMAX,82,"","",G,"",1946
NZ000939450,19460415,TMIN,44,"","",G,"",1946
NZ000093994,19460416,TMAX,234,"","",G,"",1946
NZ000093994,19460416,TMIN,193,"","",G,"",1946
NZ000933090,19460416,TMAX,162,"","",G,"",1946
NZ000933090,19460416,TMIN,52,"","",G,"",1946
NZ000939450,19460416,TMAX,92,"","",G,"",1946
NZ000939450,19460416,TMIN,44,"","",G,"",1946
NZ000093994,19460417,TMAX,223,"","",G,"",1946
NZ000093994,19460417,TMIN,193,"","",G,"",1946
NZ000933090,19460417,TMAX,171,"","",G,"",1946
NZ000933090,19460417,TMIN,49,"","",G,"",1946
NZ000939450,19460417,TMAX,93,"","",G,"",1946
NZ000939450,19460417,TMIN,54,"","",G,"",1946
NZ000093994,19460418,TMAX,233,"","",G,"",1946
NZ000093994,19460418,TMIN,204,"","",G,"",1946
NZ000933090,19460418,TMAX,170,"","",G,"",1946
NZ000933090,19460418,TMIN,106,"","",G,"",1946
NZ000939450,19460418,TMAX,88,"","",G,"",1946
NZ000939450,19460418,TMIN,56,"","",G,"",1946
NZ000093994,19460419,TMAX,243,"","",G,"",1946
NZ000093994,19460419,TMIN,211,"","",G,"",1946
NZ000933090,19460419,TMAX,174,"","",G,"",1946
NZ000933090,19460419,TMIN,116,"","",G,"",1946
NZ000939450,19460419,TMAX,83,"","",G,"",1946
NZ000939450,19460419,TMIN,22,"","",G,"",1946
NZ000093994,19460420,TMAX,251,"","",G,"",1946
NZ000093994,19460420,TMIN,192,"","",G,"",1946
NZ000933090,19460420,TMAX,203,"","",G,"",1946
NZ000933090,19460420,TMIN,102,"","",G,"",1946
NZ000939450,19460420,TMAX,88,"","",G,"",1946
NZ000939450,19460420,TMIN,29,"","",G,"",1946
NZ000093994,19460421,TMAX,243,"","",G,"",1946
NZ000093994,19460421,TMIN,205,"","",G,"",1946
NZ000933090,19460421,TMAX,178,"","",G,"",1946
NZ000933090,19460421,TMIN,125,"","",G,"",1946
NZ000939450,19460421,TMAX,101,"","",G,"",1946
NZ000939450,19460421,TMIN,31,"","",G,"",1946
NZ000093994,19460422,TMAX,238,"","",G,"",1946
NZ000093994,19460422,TMIN,206,"","",G,"",1946
NZ000933090,19460422,TMAX,153,"","",G,"",1946
NZ000933090,19460422,TMIN,124,"","",G,"",1946
NZ000939450,19460422,TMAX,72,"","",G,"",1946
NZ000939450,19460422,TMIN,33,"","",G,"",1946
NZ000093994,19460423,TMAX,230,"","",G,"",1946
NZ000093994,19460423,TMIN,195,"","",G,"",1946
NZ000933090,19460423,TMAX,177,"","",G,"",1946
NZ000933090,19460423,TMIN,89,"","",G,"",1946
NZ000939450,19460423,TMAX,75,"","",G,"",1946
NZ000939450,19460423,TMIN,48,"","",G,"",1946
NZ000093994,19460424,TMAX,224,"","",G,"",1946
NZ000093994,19460424,TMIN,167,"","",G,"",1946
NZ000933090,19460424,TMAX,169,"","",G,"",1946
NZ000933090,19460424,TMIN,79,"","",G,"",1946
NZ000939450,19460424,TMAX,82,"","",G,"",1946
NZ000939450,19460424,TMIN,22,"","",G,"",1946
NZ000093994,19460425,TMAX,207,"","",G,"",1946
NZ000093994,19460425,TMIN,166,"","",G,"",1946
NZ000933090,19460425,TMAX,177,"","",G,"",1946
NZ000933090,19460425,TMIN,101,"","",G,"",1946
NZ000939450,19460425,TMAX,73,"","",G,"",1946
NZ000939450,19460425,TMIN,27,"","",G,"",1946
NZ000093994,19460426,TMAX,217,"","",G,"",1946
NZ000093994,19460426,TMIN,180,"","",G,"",1946
NZ000933090,19460426,TMAX,181,"","",G,"",1946
NZ000933090,19460426,TMIN,78,"","",G,"",1946
NZ000939450,19460426,TMAX,80,"","",G,"",1946
NZ000939450,19460426,TMIN,32,"","",G,"",1946
NZ000093994,19460427,TMAX,222,"","",G,"",1946
NZ000093994,19460427,TMIN,175,"","",G,"",1946
NZ000933090,19460427,TMAX,178,"","",G,"",1946
NZ000933090,19460427,TMIN,89,"","",G,"",1946
NZ000939450,19460427,TMAX,110,"","",G,"",1946
NZ000939450,19460427,TMIN,51,"","",G,"",1946
NZ000093994,19460428,TMAX,231,"","",G,"",1946
NZ000093994,19460428,TMIN,186,"","",G,"",1946
NZ000933090,19460428,TMAX,186,"","",G,"",1946
NZ000933090,19460428,TMIN,84,"","",G,"",1946
NZ000939450,19460428,TMAX,111,"","",G,"",1946
NZ000939450,19460428,TMIN,61,"","",G,"",1946
NZ000093994,19460429,TMAX,210,"","",G,"",1946
NZ000093994,19460429,TMIN,189,"","",G,"",1946
NZ000933090,19460429,TMAX,166,"","",G,"",1946
NZ000933090,19460429,TMIN,83,"","",G,"",1946
NZ000939450,19460429,TMAX,111,"","",G,"",1946
NZ000939450,19460429,TMIN,84,"","",G,"",1946
NZ000093994,19460430,TMAX,212,"","",G,"",1946
NZ000093994,19460430,TMIN,172,"","",G,"",1946
NZ000933090,19460430,TMAX,189,"","",G,"",1946
NZ000933090,19460430,TMIN,100,"","",G,"",1946
NZ000939450,19460430,TMAX,111,"","",G,"",1946
NZ000939450,19460430,TMIN,61,"","",G,"",1946
NZ000093994,19460501,TMAX,206,"","",G,"",1946
NZ000093994,19460501,TMIN,167,"","",G,"",1946
NZ000933090,19460501,TMAX,191,"","",G,"",1946
NZ000933090,19460501,TMIN,92,"","",G,"",1946
NZ000939450,19460501,TMAX,117,"","",G,"",1946
NZ000939450,19460501,TMIN,77,"","",G,"",1946
NZ000093994,19460502,TMAX,212,"","",G,"",1946
NZ000093994,19460502,TMIN,177,"","",G,"",1946
NZ000933090,19460502,TMAX,188,"","",G,"",1946
NZ000933090,19460502,TMIN,89,"","",G,"",1946
NZ000939450,19460502,TMAX,102,"","",G,"",1946
NZ000939450,19460502,TMIN,77,"","",G,"",1946
NZ000093994,19460503,TMAX,220,"","",G,"",1946
NZ000093994,19460503,TMIN,184,"","",G,"",1946
NZ000933090,19460503,TMAX,181,"","",G,"",1946
NZ000933090,19460503,TMIN,103,"","",G,"",1946
NZ000939450,19460503,TMAX,89,"","",G,"",1946
NZ000939450,19460503,TMIN,61,"","",G,"",1946
NZ000093994,19460504,TMAX,218,"","",G,"",1946
NZ000093994,19460504,TMIN,184,"","",G,"",1946
NZ000933090,19460504,TMAX,166,"","",G,"",1946
NZ000933090,19460504,TMIN,131,"","",G,"",1946
NZ000939450,19460504,TMAX,92,"","",G,"",1946
NZ000939450,19460504,TMIN,55,"","",G,"",1946
NZ000093994,19460505,TMAX,230,"","",G,"",1946
NZ000093994,19460505,TMIN,201,"","",G,"",1946
NZ000933090,19460505,TMAX,167,"","",G,"",1946
NZ000933090,19460505,TMIN,84,"","",G,"",1946
NZ000939450,19460505,TMAX,99,"","",G,"",1946
NZ000939450,19460505,TMIN,73,"","",G,"",1946
NZ000093994,19460506,TMAX,231,"","",G,"",1946
NZ000093994,19460506,TMIN,191,"","",G,"",1946
NZ000933090,19460506,TMAX,178,"","",G,"",1946
NZ000933090,19460506,TMIN,91,"","",G,"",1946
NZ000939450,19460506,TMAX,103,"","",G,"",1946
NZ000939450,19460506,TMIN,2,"","",G,"",1946
NZ000093994,19460507,TMAX,241,"","",G,"",1946
NZ000093994,19460507,TMIN,168,"","",G,"",1946
NZ000933090,19460507,TMAX,178,"","",G,"",1946
NZ000933090,19460507,TMIN,78,"","",G,"",1946
NZ000939450,19460507,TMAX,77,"","",G,"",1946
NZ000939450,19460507,TMIN,8,"","",G,"",1946
NZ000093994,19460508,TMAX,227,"","",G,"",1946
NZ000093994,19460508,TMIN,172,"","",G,"",1946
NZ000933090,19460508,TMAX,160,"","",G,"",1946
NZ000933090,19460508,TMIN,66,"","",G,"",1946
NZ000939450,19460508,TMAX,77,"","",G,"",1946
NZ000939450,19460508,TMIN,42,"","",G,"",1946
NZ000093994,19460509,TMAX,228,"","",G,"",1946
NZ000093994,19460509,TMIN,173,"","",G,"",1946
NZ000933090,19460509,TMAX,164,"","",G,"",1946
NZ000933090,19460509,TMIN,94,"","",G,"",1946
NZ000939450,19460509,TMAX,74,"","",G,"",1946
NZ000939450,19460509,TMIN,28,"","",G,"",1946
NZ000093994,19460510,TMAX,224,"","",G,"",1946
NZ000093994,19460510,TMIN,153,"","",G,"",1946
NZ000933090,19460510,TMAX,162,"","",G,"",1946
NZ000933090,19460510,TMIN,61,"","",G,"",1946
NZ000939450,19460510,TMAX,81,"","",G,"",1946
NZ000939450,19460510,TMIN,37,"","",G,"",1946
NZ000093994,19460511,TMAX,217,"","",G,"",1946
NZ000093994,19460511,TMIN,133,"","",G,"",1946
NZ000933090,19460511,TMAX,150,"","",G,"",1946
NZ000933090,19460511,TMIN,51,"","",G,"",1946
NZ000939450,19460511,TMAX,85,"","",G,"",1946
NZ000939450,19460511,TMIN,34,"","",G,"",1946
NZ000093994,19460512,TMAX,205,"","",G,"",1946
NZ000093994,19460512,TMIN,135,"","",G,"",1946
NZ000933090,19460512,TMAX,159,"","",G,"",1946
NZ000933090,19460512,TMIN,62,"","",G,"",1946
NZ000939450,19460512,TMAX,99,"","",G,"",1946
NZ000939450,19460512,TMIN,78,"","",G,"",1946
NZ000093994,19460513,TMAX,208,"","",G,"",1946
NZ000093994,19460513,TMIN,160,"","",G,"",1946
NZ000933090,19460513,TMAX,179,"","",G,"",1946
NZ000933090,19460513,TMIN,122,"","",G,"",1946
NZ000939450,19460513,TMAX,87,"","",G,"",1946
NZ000939450,19460513,TMIN,-11,"","",G,"",1946
NZ000093994,19460514,TMAX,209,"","",G,"",1946
NZ000093994,19460514,TMIN,151,"","",G,"",1946
NZ000933090,19460514,TMAX,156,"","",G,"",1946
NZ000933090,19460514,TMIN,105,"","",G,"",1946
NZ000939450,19460514,TMAX,67,"","",G,"",1946
NZ000939450,19460514,TMIN,-1,"","",G,"",1946
NZ000093994,19460515,TMAX,218,"","",G,"",1946
NZ000093994,19460515,TMIN,166,"","",G,"",1946
NZ000933090,19460515,TMAX,153,"","",G,"",1946
NZ000933090,19460515,TMIN,112,"","",G,"",1946
NZ000939450,19460515,TMAX,74,"","",G,"",1946
NZ000939450,19460515,TMIN,39,"","",G,"",1946
NZ000093994,19460516,TMAX,223,"","",G,"",1946
NZ000093994,19460516,TMIN,189,"","",G,"",1946
NZ000933090,19460516,TMAX,152,"","",G,"",1946
NZ000933090,19460516,TMIN,121,"","",G,"",1946
NZ000939450,19460516,TMAX,75,"","",G,"",1946
NZ000939450,19460516,TMIN,54,"","",G,"",1946
NZ000093994,19460517,TMAX,223,"","",G,"",1946
NZ000093994,19460517,TMIN,182,"","",G,"",1946
NZ000933090,19460517,TMAX,178,"","",G,"",1946
NZ000933090,19460517,TMIN,99,"","",G,"",1946
NZ000939450,19460517,TMAX,72,"","",G,"",1946
NZ000939450,19460517,TMIN,39,"","",G,"",1946
NZ000093994,19460518,TMAX,218,"","",G,"",1946
NZ000093994,19460518,TMIN,157,"","",G,"",1946
NZ000933090,19460518,TMAX,172,"","",G,"",1946
NZ000933090,19460518,TMIN,101,"","",G,"",1946
NZ000939450,19460518,TMAX,84,"","",G,"",1946
NZ000939450,19460518,TMIN,56,"","",G,"",1946
NZ000093994,19460519,TMAX,218,"","",G,"",1946
NZ000093994,19460519,TMIN,162,"","",G,"",1946
NZ000933090,19460519,TMAX,173,"","",G,"",1946
NZ000933090,19460519,TMIN,105,"","",G,"",1946
NZ000939450,19460519,TMAX,83,"","",G,"",1946
NZ000939450,19460519,TMIN,56,"","",G,"",1946
NZ000093994,19460520,TMAX,216,"","",G,"",1946
NZ000093994,19460520,TMIN,184,"","",G,"",1946
NZ000933090,19460520,TMAX,159,"","",G,"",1946
NZ000933090,19460520,TMIN,122,"","",G,"",1946
NZ000939450,19460520,TMAX,88,"","",G,"",1946
NZ000939450,19460520,TMIN,33,"","",G,"",1946
NZ000093994,19460521,TMAX,221,"","",G,"",1946
NZ000093994,19460521,TMIN,172,"","",G,"",1946
NZ000933090,19460521,TMAX,177,"","",G,"",1946
NZ000933090,19460521,TMIN,127,"","",G,"",1946
NZ000939450,19460521,TMAX,87,"","",G,"",1946
NZ000939450,19460521,TMIN,22,"","",G,"",1946
NZ000093994,19460522,TMAX,225,"","",G,"",1946
NZ000093994,19460522,TMIN,183,"","",G,"",1946
NZ000933090,19460522,TMAX,158,"","",G,"",1946
NZ000933090,19460522,TMIN,111,"","",G,"",1946
NZ000939450,19460522,TMAX,67,"","",G,"",1946
NZ000939450,19460522,TMIN,31,"","",G,"",1946
NZ000093994,19460523,TMAX,225,"","",G,"",1946
NZ000093994,19460523,TMIN,175,"","",G,"",1946
NZ000933090,19460523,TMAX,149,"","",G,"",1946
NZ000933090,19460523,TMIN,105,"","",G,"",1946
NZ000939450,19460523,TMAX,72,"","",G,"",1946
NZ000939450,19460523,TMIN,45,"","",G,"",1946
NZ000093994,19460524,TMAX,222,"","",G,"",1946
NZ000093994,19460524,TMIN,178,"","",G,"",1946
NZ000933090,19460524,TMAX,157,"","",G,"",1946
NZ000933090,19460524,TMIN,94,"","",G,"",1946
NZ000939450,19460524,TMAX,72,"","",G,"",1946
NZ000939450,19460524,TMIN,47,"","",G,"",1946
NZ000093994,19460525,TMAX,232,"","",G,"",1946
NZ000093994,19460525,TMIN,178,"","",G,"",1946
NZ000933090,19460525,TMAX,167,"","",G,"",1946
NZ000933090,19460525,TMIN,99,"","",G,"",1946
NZ000939450,19460525,TMAX,70,"","",G,"",1946
NZ000939450,19460525,TMIN,7,"","",G,"",1946
NZ000093994,19460526,TMAX,229,"","",G,"",1946
NZ000093994,19460526,TMIN,155,"","",G,"",1946
NZ000933090,19460526,TMAX,156,"","",G,"",1946
NZ000933090,19460526,TMIN,50,"","",G,"",1946
NZ000939450,19460526,TMAX,83,"","",G,"",1946
NZ000939450,19460526,TMIN,37,"","",G,"",1946
NZ000093994,19460527,TMAX,227,"","",G,"",1946
NZ000093994,19460527,TMIN,143,"","",G,"",1946
NZ000933090,19460527,TMAX,152,"","",G,"",1946
NZ000933090,19460527,TMIN,71,"","",G,"",1946
NZ000939450,19460527,TMAX,79,"","",G,"",1946
NZ000939450,19460527,TMIN,46,"","",G,"",1946
NZ000093994,19460528,TMAX,214,"","",G,"",1946
NZ000093994,19460528,TMIN,142,"","",G,"",1946
NZ000933090,19460528,TMAX,158,"","",G,"",1946
NZ000933090,19460528,TMIN,65,"","",G,"",1946
NZ000939450,19460528,TMAX,88,"","",G,"",1946
NZ000939450,19460528,TMIN,63,"","",G,"",1946
NZ000093994,19460529,TMAX,209,"","",G,"",1946
NZ000093994,19460529,TMIN,168,"","",G,"",1946
NZ000933090,19460529,TMAX,138,"","",G,"",1946
NZ000933090,19460529,TMIN,51,"","",G,"",1946
NZ000939450,19460529,TMAX,93,"","",G,"",1946
NZ000939450,19460529,TMIN,79,"","",G,"",1946
NZ000093994,19460530,TMAX,207,"","",G,"",1946
NZ000093994,19460530,TMIN,176,"","",G,"",1946
NZ000933090,19460530,TMAX,155,"","",G,"",1946
NZ000933090,19460530,TMIN,58,"","",G,"",1946
NZ000939450,19460530,TMAX,98,"","",G,"",1946
NZ000939450,19460530,TMIN,82,"","",G,"",1946
NZ000093994,19460531,TMAX,227,"","",G,"",1946
NZ000093994,19460531,TMIN,179,"","",G,"",1946
NZ000933090,19460531,TMAX,172,"","",G,"",1946
NZ000933090,19460531,TMIN,71,"","",G,"",1946
NZ000939450,19460531,TMAX,100,"","",G,"",1946
NZ000939450,19460531,TMIN,64,"","",G,"",1946
NZ000093994,19460601,TMAX,205,"","",G,"",1946
NZ000093994,19460601,TMIN,178,"","",G,"",1946
NZ000933090,19460601,TMAX,167,"","",G,"",1946
NZ000933090,19460601,TMIN,82,"","",G,"",1946
NZ000939450,19460601,TMAX,90,"","",G,"",1946
NZ000939450,19460601,TMIN,11,"","",G,"",1946
NZ000093994,19460602,TMAX,213,"","",G,"",1946
NZ000093994,19460602,TMIN,172,"","",G,"",1946
NZ000933090,19460602,TMAX,139,"","",G,"",1946
NZ000933090,19460602,TMIN,70,"","",G,"",1946
NZ000939450,19460602,TMAX,35,"","",G,"",1946
NZ000939450,19460602,TMIN,16,"","",G,"",1946
NZ000093994,19460603,TMAX,218,"","",G,"",1946
NZ000093994,19460603,TMIN,154,"","",G,"",1946
NZ000933090,19460603,TMAX,151,"","",G,"",1946
NZ000933090,19460603,TMIN,51,"","",G,"",1946
NZ000939450,19460603,TMAX,50,"","",G,"",1946
NZ000939450,19460603,TMIN,19,"","",G,"",1946
NZ000093994,19460604,TMAX,218,"","",G,"",1946
NZ000093994,19460604,TMIN,170,"","",G,"",1946
NZ000933090,19460604,TMAX,100,"","",G,"",1946
NZ000933090,19460604,TMIN,39,"","",G,"",1946
NZ000939450,19460604,TMAX,56,"","",G,"",1946
NZ000939450,19460604,TMIN,27,"","",G,"",1946
NZ000093994,19460605,TMAX,206,"","",G,"",1946
NZ000093994,19460605,TMIN,146,"","",G,"",1946
NZ000933090,19460605,TMAX,108,"","",G,"",1946
NZ000933090,19460605,TMIN,47,"","",G,"",1946
NZ000939450,19460605,TMAX,63,"","",G,"",1946
NZ000939450,19460605,TMIN,29,"","",G,"",1946
NZ000093994,19460606,TMAX,187,"","",G,"",1946
NZ000093994,19460606,TMIN,149,"","",G,"",1946
NZ000933090,19460606,TMAX,118,"","",G,"",1946
NZ000933090,19460606,TMIN,-1,"","",G,"",1946
NZ000939450,19460606,TMAX,69,"","",G,"",1946
NZ000939450,19460606,TMIN,46,"","",G,"",1946
NZ000093994,19460607,TMAX,191,"","",G,"",1946
NZ000093994,19460607,TMIN,157,"","",G,"",1946
NZ000933090,19460607,TMAX,119,"","",G,"",1946
NZ000933090,19460607,TMIN,13,"","",G,"",1946
NZ000939450,19460607,TMAX,71,"","",G,"",1946
NZ000939450,19460607,TMIN,50,"","",G,"",1946
NZ000093994,19460608,TMAX,184,"","",G,"",1946
NZ000093994,19460608,TMIN,163,"","",G,"",1946
NZ000933090,19460608,TMAX,124,"","",G,"",1946
NZ000933090,19460608,TMIN,47,"","",G,"",1946
NZ000939450,19460608,TMAX,78,"","",G,"",1946
NZ000939450,19460608,TMIN,62,"","",G,"",1946
NZ000093994,19460609,TMAX,198,"","",G,"",1946
NZ000093994,19460609,TMIN,181,"","",G,"",1946
NZ000933090,19460609,TMAX,146,"","",G,"",1946
NZ000933090,19460609,TMIN,96,"","",G,"",1946
NZ000939450,19460609,TMAX,94,"","",G,"",1946
NZ000939450,19460609,TMIN,67,"","",G,"",1946
NZ000093994,19460610,TMAX,204,"","",G,"",1946
NZ000093994,19460610,TMIN,156,"","",G,"",1946
NZ000933090,19460610,TMAX,168,"","",G,"",1946
NZ000933090,19460610,TMIN,109,"","",G,"",1946
NZ000939450,19460610,TMAX,100,"","",G,"",1946
NZ000939450,19460610,TMIN,72,"","",G,"",1946
NZ000093994,19460611,TMAX,217,"","",G,"",1946
NZ000093994,19460611,TMIN,163,"","",G,"",1946
NZ000933090,19460611,TMAX,154,"","",G,"",1946
NZ000933090,19460611,TMIN,105,"","",G,"",1946
NZ000939450,19460611,TMAX,96,"","",G,"",1946
NZ000939450,19460611,TMIN,70,"","",G,"",1946
NZ000093994,19460612,TMAX,211,"","",G,"",1946
NZ000093994,19460612,TMIN,149,"","",G,"",1946
NZ000933090,19460612,TMAX,128,"","",G,"",1946
NZ000933090,19460612,TMIN,76,"","",G,"",1946
NZ000939450,19460612,TMAX,90,"","",G,"",1946
NZ000939450,19460612,TMIN,28,"","",G,"",1946
NZ000093994,19460613,TMAX,214,"","",G,"",1946
NZ000093994,19460613,TMIN,149,"","",G,"",1946
NZ000933090,19460613,TMAX,150,"","",G,"",1946
NZ000933090,19460613,TMIN,114,"","",G,"",1946
NZ000939450,19460613,TMAX,57,"","",G,"",1946
NZ000939450,19460613,TMIN,17,"","",G,"",1946
NZ000093994,19460614,TMAX,191,"","",G,"",1946
NZ000093994,19460614,TMIN,157,"","",G,"",1946
NZ000933090,19460614,TMAX,156,"","",G,"",1946
NZ000933090,19460614,TMIN,104,"","",G,"",1946
NZ000939450,19460614,TMAX,64,"","",G,"",1946
NZ000939450,19460614,TMIN,27,"","",G,"",1946
NZ000093994,19460615,TMAX,208,"","",G,"",1946
NZ000093994,19460615,TMIN,166,"","",G,"",1946
NZ000933090,19460615,TMAX,142,"","",G,"",1946
NZ000933090,19460615,TMIN,44,"","",G,"",1946
NZ000939450,19460615,TMAX,51,"","",G,"",1946
NZ000939450,19460615,TMIN,12,"","",G,"",1946
NZ000093994,19460616,TMAX,202,"","",G,"",1946
NZ000093994,19460616,TMIN,147,"","",G,"",1946
NZ000933090,19460616,TMAX,127,"","",G,"",1946
NZ000933090,19460616,TMIN,23,"","",G,"",1946
NZ000939450,19460616,TMAX,68,"","",G,"",1946
NZ000939450,19460616,TMIN,10,"","",G,"",1946
NZ000093994,19460617,TMAX,197,"","",G,"",1946
NZ000093994,19460617,TMIN,131,"","",G,"",1946
NZ000933090,19460617,TMAX,138,"","",G,"",1946
NZ000933090,19460617,TMIN,70,"","",G,"",1946
NZ000939450,19460617,TMAX,46,"","",G,"",1946
NZ000939450,19460617,TMIN,-9,"","",G,"",1946
NZ000093994,19460618,TMAX,198,"","",G,"",1946
NZ000093994,19460618,TMIN,131,"","",G,"",1946
NZ000933090,19460618,TMAX,151,"","",G,"",1946
NZ000933090,19460618,TMIN,60,"","",G,"",1946
NZ000939450,19460618,TMAX,68,"","",G,"",1946
NZ000939450,19460618,TMIN,6,"","",G,"",1946
NZ000093994,19460619,TMAX,203,"","",G,"",1946
NZ000093994,19460619,TMIN,149,"","",G,"",1946
NZ000933090,19460619,TMAX,151,"","",G,"",1946
NZ000933090,19460619,TMIN,78,"","",G,"",1946
NZ000939450,19460619,TMAX,61,"","",G,"",1946
NZ000939450,19460619,TMIN,7,"","",G,"",1946
NZ000093994,19460620,TMAX,211,"","",G,"",1946
NZ000093994,19460620,TMIN,139,"","",G,"",1946
NZ000933090,19460620,TMAX,128,"","",G,"",1946
NZ000933090,19460620,TMIN,61,"","",G,"",1946
NZ000939450,19460620,TMAX,91,"","",G,"",1946
NZ000939450,19460620,TMIN,21,"","",G,"",1946
NZ000093994,19460621,TMAX,207,"","",G,"",1946
NZ000093994,19460621,TMIN,166,"","",G,"",1946
NZ000933090,19460621,TMAX,112,"","",G,"",1946
NZ000933090,19460621,TMIN,50,"","",G,"",1946
NZ000939450,19460621,TMAX,65,"","",G,"",1946
NZ000939450,19460621,TMIN,47,"","",G,"",1946
NZ000093994,19460622,TMAX,193,"","",G,"",1946
NZ000093994,19460622,TMIN,172,"","",G,"",1946
NZ000933090,19460622,TMAX,116,"","",G,"",1946
NZ000933090,19460622,TMIN,78,"","",G,"",1946
NZ000939450,19460622,TMAX,59,"","",G,"",1946
NZ000939450,19460622,TMIN,-16,"","",G,"",1946
NZ000093994,19460623,TMAX,193,"","",G,"",1946
NZ000093994,19460623,TMIN,165,"","",G,"",1946
NZ000933090,19460623,TMAX,128,"","",G,"",1946
NZ000933090,19460623,TMIN,87,"","",G,"",1946
NZ000939450,19460623,TMAX,56,"","",G,"",1946
NZ000939450,19460623,TMIN,-12,"","",G,"",1946
NZ000093994,19460624,TMAX,210,"","",G,"",1946
NZ000093994,19460624,TMIN,163,"","",G,"",1946
NZ000933090,19460624,TMAX,139,"","",G,"",1946
NZ000933090,19460624,TMIN,105,"","",G,"",1946
NZ000939450,19460624,TMAX,61,"","",G,"",1946
NZ000939450,19460624,TMIN,43,"","",G,"",1946
NZ000093994,19460625,TMAX,193,"","",G,"",1946
NZ000093994,19460625,TMIN,157,"","",G,"",1946
NZ000933090,19460625,TMAX,149,"","",G,"",1946
NZ000933090,19460625,TMIN,102,"","",G,"",1946
NZ000939450,19460625,TMAX,78,"","",G,"",1946
NZ000939450,19460625,TMIN,53,"","",G,"",1946
NZ000093994,19460626,TMAX,198,"","",G,"",1946
NZ000093994,19460626,TMIN,133,"","",G,"",1946
NZ000933090,19460626,TMAX,139,"","",G,"",1946
NZ000933090,19460626,TMIN,94,"","",G,"",1946
NZ000939450,19460626,TMAX,76,"","",G,"",1946
NZ000939450,19460626,TMIN,55,"","",G,"",1946
NZ000093994,19460627,TMAX,193,"","",G,"",1946
NZ000093994,19460627,TMIN,150,"","",G,"",1946
NZ000933090,19460627,TMAX,161,"","",G,"",1946
NZ000933090,19460627,TMIN,96,"","",G,"",1946
NZ000939450,19460627,TMAX,68,"","",G,"",1946
NZ000939450,19460627,TMIN,14,"","",G,"",1946
NZ000093994,19460628,TMAX,204,"","",G,"",1946
NZ000093994,19460628,TMIN,146,"","",G,"",1946
NZ000933090,19460628,TMAX,154,"","",G,"",1946
NZ000933090,19460628,TMIN,69,"","",G,"",1946
NZ000939450,19460628,TMAX,44,"","",G,"",1946
NZ000939450,19460628,TMIN,13,"","",G,"",1946
NZ000093994,19460629,TMAX,194,"","",G,"",1946
NZ000093994,19460629,TMIN,129,"","",G,"",1946
NZ000933090,19460629,TMAX,106,"","",G,"",1946
NZ000933090,19460629,TMIN,50,"","",G,"",1946
NZ000939450,19460629,TMAX,64,"","",G,"",1946
NZ000939450,19460629,TMIN,29,"","",G,"",1946
NZ000093994,19460630,TMAX,184,"","",G,"",1946
NZ000093994,19460630,TMIN,144,"","",G,"",1946
NZ000933090,19460630,TMAX,107,"","",G,"",1946
NZ000933090,19460630,TMIN,50,"","",G,"",1946
NZ000939450,19460630,TMAX,61,"","",G,"",1946
NZ000939450,19460630,TMIN,1,"","",G,"",1946
NZ000093994,19460701,TMAX,184,"","",G,"",1946
NZ000093994,19460701,TMIN,152,"","",G,"",1946
NZ000933090,19460701,TMAX,123,"","",G,"",1946
NZ000933090,19460701,TMIN,54,"","",G,"",1946
NZ000939450,19460701,TMAX,56,"","",G,"",1946
NZ000939450,19460701,TMIN,7,"","",G,"",1946
NZ000093994,19460702,TMAX,188,"","",G,"",1946
NZ000093994,19460702,TMIN,140,"","",G,"",1946
NZ000933090,19460702,TMAX,140,"","",G,"",1946
NZ000933090,19460702,TMIN,58,"","",G,"",1946
NZ000939450,19460702,TMAX,50,"","",G,"",1946
NZ000939450,19460702,TMIN,33,"","",G,"",1946
NZ000093994,19460703,TMAX,199,"","",G,"",1946
NZ000093994,19460703,TMIN,146,"","",G,"",1946
NZ000933090,19460703,TMAX,104,"","",G,"",1946
NZ000933090,19460703,TMIN,73,"","",G,"",1946
NZ000939450,19460703,TMAX,56,"","",G,"",1946
NZ000939450,19460703,TMIN,-23,"","",G,"",1946
NZ000093994,19460704,TMAX,211,"","",G,"",1946
NZ000093994,19460704,TMIN,148,"","",G,"",1946
NZ000933090,19460704,TMAX,127,"","",G,"",1946
NZ000933090,19460704,TMIN,44,"","",G,"",1946
NZ000939450,19460704,TMAX,63,"","",G,"",1946
NZ000939450,19460704,TMIN,19,"","",G,"",1946
NZ000093994,19460705,TMAX,193,"","",G,"",1946
NZ000093994,19460705,TMIN,154,"","",G,"",1946
NZ000933090,19460705,TMAX,128,"","",G,"",1946
NZ000933090,19460705,TMIN,75,"","",G,"",1946
NZ000939450,19460705,TMAX,72,"","",G,"",1946
NZ000939450,19460705,TMIN,-9,"","",G,"",1946
NZ000093994,19460706,TMAX,188,"","",G,"",1946
NZ000093994,19460706,TMIN,139,"","",G,"",1946
NZ000933090,19460706,TMAX,149,"","",G,"",1946
NZ000933090,19460706,TMIN,54,"","",G,"",1946
NZ000939450,19460706,TMAX,70,"","",G,"",1946
NZ000939450,19460706,TMIN,-17,"","",G,"",1946
NZ000093994,19460707,TMAX,193,"","",G,"",1946
NZ000093994,19460707,TMIN,112,"","",G,"",1946
NZ000933090,19460707,TMAX,150,"","",G,"",1946
NZ000933090,19460707,TMIN,32,"","",G,"",1946
NZ000939450,19460707,TMAX,88,"","",G,"",1946
NZ000939450,19460707,TMIN,-8,"","",G,"",1946
NZ000093994,19460708,TMAX,162,"","",G,"",1946
NZ000093994,19460708,TMIN,111,"","",G,"",1946
NZ000933090,19460708,TMAX,138,"","",G,"",1946
NZ000933090,19460708,TMIN,39,"","",G,"",1946
NZ000939450,19460708,TMAX,50,"","",G,"",1946
NZ000939450,19460708,TMIN,21,"","",G,"",1946
NZ000093994,19460709,TMAX,190,"","",G,"",1946
NZ000093994,19460709,TMIN,129,"","",G,"",1946
NZ000933090,19460709,TMAX,139,"","",G,"",1946
NZ000933090,19460709,TMIN,82,"","",G,"",1946
NZ000939450,19460709,TMAX,61,"","",G,"",1946
NZ000939450,19460709,TMIN,28,"","",G,"",1946
NZ000093994,19460710,TMAX,187,"","",G,"",1946
NZ000093994,19460710,TMIN,144,"","",G,"",1946
NZ000933090,19460710,TMAX,140,"","",G,"",1946
NZ000933090,19460710,TMIN,51,"","",G,"",1946
NZ000939450,19460710,TMAX,68,"","",G,"",1946
NZ000939450,19460710,TMIN,46,"","",G,"",1946
NZ000093994,19460711,TMAX,202,"","",G,"",1946
NZ000093994,19460711,TMIN,152,"","",G,"",1946
NZ000933090,19460711,TMAX,124,"","",G,"",1946
NZ000933090,19460711,TMIN,83,"","",G,"",1946
NZ000939450,19460711,TMAX,67,"","",G,"",1946
NZ000939450,19460711,TMIN,4,"","",G,"",1946
NZ000093994,19460712,TMAX,184,"","",G,"",1946
NZ000093994,19460712,TMIN,121,"","",G,"",1946
NZ000933090,19460712,TMAX,141,"","",G,"",1946
NZ000933090,19460712,TMIN,108,"","",G,"",1946
NZ000939450,19460712,TMAX,32,"","",G,"",1946
NZ000939450,19460712,TMIN,-6,"","",G,"",1946
NZ000093994,19460713,TMAX,200,"","",G,"",1946
NZ000093994,19460713,TMIN,138,"","",G,"",1946
NZ000933090,19460713,TMAX,145,"","",G,"",1946
NZ000933090,19460713,TMIN,116,"","",G,"",1946
NZ000939450,19460713,TMAX,44,"","",G,"",1946
NZ000939450,19460713,TMIN,-1,"","",G,"",1946
NZ000093994,19460714,TMAX,192,"","",G,"",1946
NZ000093994,19460714,TMIN,146,"","",G,"",1946
NZ000933090,19460714,TMAX,148,"","",G,"",1946
NZ000933090,19460714,TMIN,62,"","",G,"",1946
NZ000939450,19460714,TMAX,25,"","",G,"",1946
NZ000939450,19460714,TMIN,-7,"","",G,"",1946
NZ000093994,19460715,TMAX,202,"","",G,"",1946
NZ000093994,19460715,TMIN,148,"","",G,"",1946
NZ000933090,19460715,TMAX,137,"","",G,"",1946
NZ000933090,19460715,TMIN,38,"","",G,"",1946
NZ000939450,19460715,TMAX,54,"","",G,"",1946
NZ000939450,19460715,TMIN,0,"","",G,"",1946
NZ000093994,19460716,TMAX,211,"","",G,"",1946
NZ000093994,19460716,TMIN,142,"","",G,"",1946
NZ000933090,19460716,TMAX,124,"","",G,"",1946
NZ000933090,19460716,TMIN,45,"","",G,"",1946
NZ000939450,19460716,TMAX,82,"","",G,"",1946
NZ000939450,19460716,TMIN,32,"","",G,"",1946
NZ000093994,19460717,TMAX,206,"","",G,"",1946
NZ000093994,19460717,TMIN,144,"","",G,"",1946
NZ000933090,19460717,TMAX,132,"","",G,"",1946
NZ000933090,19460717,TMIN,93,"","",G,"",1946
NZ000939450,19460717,TMAX,98,"","",G,"",1946
NZ000939450,19460717,TMIN,66,"","",G,"",1946
NZ000093994,19460718,TMAX,204,"","",G,"",1946
NZ000093994,19460718,TMIN,137,"","",G,"",1946
NZ000933090,19460718,TMAX,132,"","",G,"",1946
NZ000933090,19460718,TMIN,96,"","",G,"",1946
NZ000939450,19460718,TMAX,97,"","",G,"",1946
NZ000939450,19460718,TMIN,63,"","",G,"",1946
NZ000093994,19460719,TMAX,211,"","",G,"",1946
NZ000093994,19460719,TMIN,178,"","",G,"",1946
NZ000933090,19460719,TMAX,146,"","",G,"",1946
NZ000933090,19460719,TMIN,33,"","",G,"",1946
NZ000939450,19460719,TMAX,85,"","",G,"",1946
NZ000939450,19460719,TMIN,33,"","",G,"",1946
NZ000093994,19460720,TMAX,183,"","",G,"",1946
NZ000093994,19460720,TMIN,147,"","",G,"",1946
NZ000933090,19460720,TMAX,145,"","",G,"",1946
NZ000933090,19460720,TMIN,33,"","",G,"",1946
NZ000939450,19460720,TMAX,89,"","",G,"",1946
NZ000939450,19460720,TMIN,28,"","",G,"",1946
NZ000093994,19460721,TMAX,183,"","",G,"",1946
NZ000093994,19460721,TMIN,107,"","",G,"",1946
NZ000933090,19460721,TMAX,137,"","",G,"",1946
NZ000933090,19460721,TMIN,39,"","",G,"",1946
NZ000939450,19460721,TMAX,96,"","",G,"",1946
NZ000939450,19460721,TMIN,67,"","",G,"",1946
NZ000093994,19460722,TMAX,182,"","",G,"",1946
NZ000093994,19460722,TMIN,117,"","",G,"",1946
NZ000933090,19460722,TMAX,137,"","",G,"",1946
NZ000933090,19460722,TMIN,82,"","",G,"",1946
NZ000939450,19460722,TMAX,100,"","",G,"",1946
NZ000939450,19460722,TMIN,73,"","",G,"",1946
NZ000093994,19460723,TMAX,185,"","",G,"",1946
NZ000093994,19460723,TMIN,134,"","",G,"",1946
NZ000933090,19460723,TMAX,153,"","",G,"",1946
NZ000933090,19460723,TMIN,111,"","",G,"",1946
NZ000939450,19460723,TMAX,89,"","",G,"",1946
NZ000939450,19460723,TMIN,51,"","",G,"",1946
NZ000093994,19460724,TMAX,189,"","",G,"",1946
NZ000093994,19460724,TMIN,105,"","",G,"",1946
NZ000933090,19460724,TMAX,151,"","",G,"",1946
NZ000933090,19460724,TMIN,77,"","",G,"",1946
NZ000939450,19460724,TMAX,88,"","",G,"",1946
NZ000939450,19460724,TMIN,59,"","",G,"",1946
NZ000093994,19460725,TMAX,189,"","",G,"",1946
NZ000093994,19460725,TMIN,137,"","",G,"",1946
NZ000933090,19460725,TMAX,111,"","",G,"",1946
NZ000933090,19460725,TMIN,41,"","",G,"",1946
NZ000939450,19460725,TMAX,74,"","",G,"",1946
NZ000939450,19460725,TMIN,49,"","",G,"",1946
NZ000093994,19460726,TMAX,190,"","",G,"",1946
NZ000093994,19460726,TMIN,110,"","",G,"",1946
NZ000933090,19460726,TMAX,138,"","",G,"",1946
NZ000933090,19460726,TMIN,91,"","",G,"",1946
NZ000939450,19460726,TMAX,78,"","",G,"",1946
NZ000939450,19460726,TMIN,12,"","",G,"",1946
NZ000093994,19460727,TMAX,197,"","",G,"",1946
NZ000093994,19460727,TMIN,132,"","",G,"",1946
NZ000933090,19460727,TMAX,139,"","",G,"",1946
NZ000933090,19460727,TMIN,101,"","",G,"",1946
NZ000939450,19460727,TMAX,72,"","",G,"",1946
NZ000939450,19460727,TMIN,29,"","",G,"",1946
NZ000093994,19460728,TMAX,188,"","",G,"",1946
NZ000093994,19460728,TMIN,159,"","",G,"",1946
NZ000933090,19460728,TMAX,135,"","",G,"",1946
NZ000933090,19460728,TMIN,72,"","",G,"",1946
NZ000939450,19460728,TMAX,53,"","",G,"",1946
NZ000939450,19460728,TMIN,22,"","",G,"",1946
NZ000093994,19460729,TMAX,195,"","",G,"",1946
NZ000093994,19460729,TMIN,127,"","",G,"",1946
NZ000933090,19460729,TMAX,136,"","",G,"",1946
NZ000933090,19460729,TMIN,66,"","",G,"",1946
NZ000939450,19460729,TMAX,39,"","",G,"",1946
NZ000939450,19460729,TMIN,-6,"","",G,"",1946
NZ000093994,19460730,TMAX,191,"","",G,"",1946
NZ000093994,19460730,TMIN,134,"","",G,"",1946
NZ000933090,19460730,TMAX,111,"","",G,"",1946
NZ000933090,19460730,TMIN,18,"","",G,"",1946
NZ000939450,19460730,TMAX,34,"","",G,"",1946
NZ000939450,19460730,TMIN,0,"","",G,"",1946
NZ000093994,19460731,TMAX,190,"","",G,"",1946
NZ000093994,19460731,TMIN,121,"","",G,"",1946
NZ000933090,19460731,TMAX,132,"","",G,"",1946
NZ000933090,19460731,TMIN,83,"","",G,"",1946
NZ000939450,19460731,TMAX,56,"","",G,"",1946
NZ000939450,19460731,TMIN,23,"","",G,"",1946
NZ000093994,19460801,TMAX,194,"","",G,"",1946
NZ000093994,19460801,TMIN,140,"","",G,"",1946
NZ000933090,19460801,TMAX,152,"","",G,"",1946
NZ000933090,19460801,TMIN,91,"","",G,"",1946
NZ000939450,19460801,TMAX,71,"","",G,"",1946
NZ000939450,19460801,TMIN,51,"","",G,"",1946
NZ000093994,19460802,TMAX,198,"","",G,"",1946
NZ000093994,19460802,TMIN,139,"","",G,"",1946
NZ000933090,19460802,TMAX,137,"","",G,"",1946
NZ000933090,19460802,TMIN,81,"","",G,"",1946
NZ000939450,19460802,TMAX,72,"","",G,"",1946
NZ000939450,19460802,TMIN,28,"","",G,"",1946
NZ000093994,19460803,TMAX,197,"","",G,"",1946
NZ000093994,19460803,TMIN,146,"","",G,"",1946
NZ000933090,19460803,TMAX,129,"","",G,"",1946
NZ000933090,19460803,TMIN,87,"","",G,"",1946
NZ000939450,19460803,TMAX,71,"","",G,"",1946
NZ000939450,19460803,TMIN,42,"","",G,"",1946
NZ000093994,19460804,TMAX,189,"","",G,"",1946
NZ000093994,19460804,TMIN,116,"","",G,"",1946
NZ000933090,19460804,TMAX,149,"","",G,"",1946
NZ000933090,19460804,TMIN,99,"","",G,"",1946
NZ000939450,19460804,TMAX,61,"","",G,"",1946
NZ000939450,19460804,TMIN,29,"","",G,"",1946
NZ000093994,19460805,TMAX,186,"","",G,"",1946
NZ000093994,19460805,TMIN,134,"","",G,"",1946
NZ000933090,19460805,TMAX,140,"","",G,"",1946
NZ000933090,19460805,TMIN,73,"","",G,"",1946
NZ000939450,19460805,TMAX,61,"","",G,"",1946
NZ000939450,19460805,TMIN,28,"","",G,"",1946
NZ000093994,19460806,TMAX,189,"","",G,"",1946
NZ000093994,19460806,TMIN,152,"","",G,"",1946
NZ000933090,19460806,TMAX,128,"","",G,"",1946
NZ000933090,19460806,TMIN,61,"","",G,"",1946
NZ000939450,19460806,TMAX,56,"","",G,"",1946
NZ000939450,19460806,TMIN,11,"","",G,"",1946
NZ000093994,19460807,TMAX,186,"","",G,"",1946
NZ000093994,19460807,TMIN,134,"","",G,"",1946
NZ000933090,19460807,TMAX,133,"","",G,"",1946
NZ000933090,19460807,TMIN,56,"","",G,"",1946
NZ000939450,19460807,TMAX,32,"","",G,"",1946
NZ000939450,19460807,TMIN,11,"","",G,"",1946
NZ000093994,19460808,TMAX,194,"","",G,"",1946
NZ000093994,19460808,TMIN,131,"","",G,"",1946
NZ000933090,19460808,TMAX,144,"","",G,"",1946
NZ000933090,19460808,TMIN,72,"","",G,"",1946
NZ000939450,19460808,TMAX,66,"","",G,"",1946
NZ000939450,19460808,TMIN,24,"","",G,"",1946
NZ000093994,19460809,TMAX,183,"","",G,"",1946
NZ000093994,19460809,TMIN,106,"","",G,"",1946
NZ000933090,19460809,TMAX,143,"","",G,"",1946
NZ000933090,19460809,TMIN,78,"","",G,"",1946
NZ000939450,19460809,TMAX,78,"","",G,"",1946
NZ000939450,19460809,TMIN,-6,"","",G,"",1946
NZ000093994,19460810,TMAX,183,"","",G,"",1946
NZ000093994,19460810,TMIN,133,"","",G,"",1946
NZ000933090,19460810,TMAX,117,"","",G,"",1946
NZ000933090,19460810,TMIN,59,"","",G,"",1946
NZ000939450,19460810,TMAX,60,"","",G,"",1946
NZ000939450,19460810,TMIN,12,"","",G,"",1946
NZ000093994,19460811,TMAX,182,"","",G,"",1946
NZ000093994,19460811,TMIN,123,"","",G,"",1946
NZ000933090,19460811,TMAX,134,"","",G,"",1946
NZ000933090,19460811,TMIN,73,"","",G,"",1946
NZ000939450,19460811,TMAX,83,"","",G,"",1946
NZ000939450,19460811,TMIN,49,"","",G,"",1946
NZ000093994,19460812,TMAX,191,"","",G,"",1946
NZ000093994,19460812,TMIN,118,"","",G,"",1946
NZ000933090,19460812,TMAX,140,"","",G,"",1946
NZ000933090,19460812,TMIN,109,"","",G,"",1946
NZ000939450,19460812,TMAX,78,"","",G,"",1946
NZ000939450,19460812,TMIN,41,"","",G,"",1946
NZ000093994,19460813,TMAX,193,"","",G,"",1946
NZ000093994,19460813,TMIN,167,"","",G,"",1946
NZ000933090,19460813,TMAX,139,"","",G,"",1946
NZ000933090,19460813,TMIN,73,"","",G,"",1946
NZ000939450,19460813,TMAX,67,"","",G,"",1946
NZ000939450,19460813,TMIN,26,"","",G,"",1946
NZ000093994,19460814,TMAX,197,"","",G,"",1946
NZ000093994,19460814,TMIN,170,"","",G,"",1946
NZ000933090,19460814,TMAX,130,"","",G,"",1946
NZ000933090,19460814,TMIN,80,"","",G,"",1946
NZ000939450,19460814,TMAX,80,"","",G,"",1946
NZ000939450,19460814,TMIN,-22,"","",G,"",1946
NZ000093994,19460815,TMAX,203,"","",G,"",1946
NZ000093994,19460815,TMIN,159,"","",G,"",1946
NZ000933090,19460815,TMAX,118,"","",G,"",1946
NZ000933090,19460815,TMIN,53,"","",G,"",1946
NZ000939450,19460815,TMAX,73,"","",G,"",1946
NZ000939450,19460815,TMIN,-4,"","",G,"",1946
NZ000093994,19460816,TMAX,179,"","",G,"",1946
NZ000093994,19460816,TMIN,151,"","",G,"",1946
NZ000933090,19460816,TMAX,132,"","",G,"",1946
NZ000933090,19460816,TMIN,74,"","",G,"",1946
NZ000939450,19460816,TMAX,53,"","",G,"",1946
NZ000939450,19460816,TMIN,6,"","",G,"",1946
NZ000093994,19460817,TMAX,188,"","",G,"",1946
NZ000093994,19460817,TMIN,150,"","",G,"",1946
NZ000933090,19460817,TMAX,117,"","",G,"",1946
NZ000933090,19460817,TMIN,62,"","",G,"",1946
NZ000939450,19460817,TMAX,71,"","",G,"",1946
NZ000939450,19460817,TMIN,1,"","",G,"",1946
NZ000093994,19460818,TMAX,187,"","",G,"",1946
NZ000093994,19460818,TMIN,118,"","",G,"",1946
NZ000933090,19460818,TMAX,134,"","",G,"",1946
NZ000933090,19460818,TMIN,77,"","",G,"",1946
NZ000939450,19460818,TMAX,61,"","",G,"",1946
NZ000939450,19460818,TMIN,18,"","",G,"",1946
NZ000093994,19460819,TMAX,194,"","",G,"",1946
NZ000093994,19460819,TMIN,127,"","",G,"",1946
NZ000933090,19460819,TMAX,139,"","",G,"",1946
NZ000933090,19460819,TMIN,110,"","",G,"",1946
NZ000939450,19460819,TMAX,53,"","",G,"",1946
NZ000939450,19460819,TMIN,18,"","",G,"",1946
NZ000093994,19460820,TMAX,186,"","",G,"",1946
NZ000093994,19460820,TMIN,166,"","",G,"",1946
NZ000933090,19460820,TMAX,132,"","",G,"",1946
NZ000933090,19460820,TMIN,73,"","",G,"",1946
NZ000939450,19460820,TMAX,77,"","",G,"",1946
NZ000939450,19460820,TMIN,41,"","",G,"",1946
NZ000093994,19460821,TMAX,195,"","",G,"",1946
NZ000093994,19460821,TMIN,144,"","",G,"",1946
NZ000933090,19460821,TMAX,117,"","",G,"",1946
NZ000933090,19460821,TMIN,33,"","",G,"",1946
NZ000939450,19460821,TMAX,81,"","",G,"",1946
NZ000939450,19460821,TMIN,60,"","",G,"",1946
NZ000093994,19460822,TMAX,182,"","",G,"",1946
NZ000093994,19460822,TMIN,150,"","",G,"",1946
NZ000933090,19460822,TMAX,134,"","",G,"",1946
NZ000933090,19460822,TMIN,61,"","",G,"",1946
NZ000939450,19460822,TMAX,78,"","",G,"",1946
NZ000939450,19460822,TMIN,61,"","",G,"",1946
NZ000093994,19460823,TMAX,187,"","",G,"",1946
NZ000093994,19460823,TMIN,134,"","",G,"",1946
NZ000933090,19460823,TMAX,146,"","",G,"",1946
NZ000933090,19460823,TMIN,68,"","",G,"",1946
NZ000939450,19460823,TMAX,84,"","",G,"",1946
NZ000939450,19460823,TMIN,39,"","",G,"",1946
NZ000093994,19460824,TMAX,194,"","",G,"",1946
NZ000093994,19460824,TMIN,132,"","",G,"",1946
NZ000933090,19460824,TMAX,134,"","",G,"",1946
NZ000933090,19460824,TMIN,78,"","",G,"",1946
NZ000939450,19460824,TMAX,83,"","",G,"",1946
NZ000939450,19460824,TMIN,19,"","",G,"",1946
NZ000093994,19460825,TMAX,186,"","",G,"",1946
NZ000093994,19460825,TMIN,107,"","",G,"",1946
NZ000933090,19460825,TMAX,144,"","",G,"",1946
NZ000933090,19460825,TMIN,56,"","",G,"",1946
NZ000939450,19460825,TMAX,106,"","",G,"",1946
NZ000939450,19460825,TMIN,27,"","",G,"",1946
NZ000093994,19460826,TMAX,194,"","",G,"",1946
NZ000093994,19460826,TMIN,137,"","",G,"",1946
NZ000933090,19460826,TMAX,122,"","",G,"",1946
NZ000933090,19460826,TMIN,42,"","",G,"",1946
NZ000939450,19460826,TMAX,54,"","",G,"",1946
NZ000939450,19460826,TMIN,11,"","",G,"",1946
NZ000093994,19460827,TMAX,172,"","",G,"",1946
NZ000093994,19460827,TMIN,142,"","",G,"",1946
NZ000933090,19460827,TMAX,116,"","",G,"",1946
NZ000933090,19460827,TMIN,19,"","",G,"",1946
NZ000939450,19460827,TMAX,71,"","",G,"",1946
NZ000939450,19460827,TMIN,-28,"","",G,"",1946
NZ000093994,19460828,TMAX,184,"","",G,"",1946
NZ000093994,19460828,TMIN,94,"","",G,"",1946
NZ000933090,19460828,TMAX,122,"","",G,"",1946
NZ000933090,19460828,TMIN,44,"","",G,"",1946
NZ000939450,19460828,TMAX,62,"","",G,"",1946
NZ000939450,19460828,TMIN,2,"","",G,"",1946
NZ000093994,19460829,TMAX,183,"","",G,"",1946
NZ000093994,19460829,TMIN,119,"","",G,"",1946
NZ000933090,19460829,TMAX,116,"","",G,"",1946
NZ000933090,19460829,TMIN,27,"","",G,"",1946
NZ000939450,19460829,TMAX,81,"","",G,"",1946
NZ000939450,19460829,TMIN,30,"","",G,"",1946
NZ000093994,19460830,TMAX,172,"","",G,"",1946
NZ000093994,19460830,TMIN,118,"","",G,"",1946
NZ000933090,19460830,TMAX,123,"","",G,"",1946
NZ000933090,19460830,TMIN,32,"","",G,"",1946
NZ000939450,19460830,TMAX,63,"","",G,"",1946
NZ000939450,19460830,TMIN,33,"","",G,"",1946
NZ000093994,19460831,TMAX,160,"","",G,"",1946
NZ000093994,19460831,TMIN,117,"","",G,"",1946
NZ000933090,19460831,TMAX,127,"","",G,"",1946
NZ000933090,19460831,TMIN,62,"","",G,"",1946
NZ000939450,19460831,TMAX,76,"","",G,"",1946
NZ000939450,19460831,TMIN,43,"","",G,"",1946
NZ000093994,19460901,TMAX,182,"","",G,"",1946
NZ000093994,19460901,TMIN,142,"","",G,"",1946
NZ000933090,19460901,TMAX,116,"","",G,"",1946
NZ000933090,19460901,TMIN,84,"","",G,"",1946
NZ000939450,19460901,TMAX,73,"","",G,"",1946
NZ000939450,19460901,TMIN,34,"","",G,"",1946
NZ000093994,19460902,TMAX,191,"","",G,"",1946
NZ000093994,19460902,TMIN,132,"","",G,"",1946
NZ000933090,19460902,TMAX,130,"","",G,"",1946
NZ000933090,19460902,TMIN,86,"","",G,"",1946
NZ000939450,19460902,TMAX,82,"","",G,"",1946
NZ000939450,19460902,TMIN,45,"","",G,"",1946
NZ000093994,19460903,TMAX,183,"","",G,"",1946
NZ000093994,19460903,TMIN,120,"","",G,"",1946
NZ000933090,19460903,TMAX,168,"","",G,"",1946
NZ000933090,19460903,TMIN,32,"","",G,"",1946
NZ000939450,19460903,TMAX,79,"","",G,"",1946
NZ000939450,19460903,TMIN,57,"","",G,"",1946
NZ000093994,19460904,TMAX,188,"","",G,"",1946
NZ000093994,19460904,TMIN,128,"","",G,"",1946
NZ000933090,19460904,TMAX,143,"","",G,"",1946
NZ000933090,19460904,TMIN,18,"","",G,"",1946
NZ000939450,19460904,TMAX,83,"","",G,"",1946
NZ000939450,19460904,TMIN,7,"","",G,"",1946
NZ000093994,19460905,TMAX,182,"","",G,"",1946
NZ000093994,19460905,TMIN,127,"","",G,"",1946
NZ000933090,19460905,TMAX,111,"","",G,"",1946
NZ000933090,19460905,TMIN,29,"","",G,"",1946
NZ000939450,19460905,TMAX,69,"","",G,"",1946
NZ000939450,19460905,TMIN,15,"","",G,"",1946
NZ000093994,19460906,TMAX,193,"","",G,"",1946
NZ000093994,19460906,TMIN,141,"","",G,"",1946
NZ000933090,19460906,TMAX,139,"","",G,"",1946
NZ000933090,19460906,TMIN,24,"","",G,"",1946
NZ000939450,19460906,TMAX,48,"","",G,"",1946
NZ000939450,19460906,TMIN,-1,"","",G,"",1946
NZ000093994,19460907,TMAX,183,"","",G,"",1946
NZ000093994,19460907,TMIN,137,"","",G,"",1946
NZ000933090,19460907,TMAX,146,"","",G,"",1946
NZ000933090,19460907,TMIN,97,"","",G,"",1946
NZ000939450,19460907,TMAX,50,"","",G,"",1946
NZ000939450,19460907,TMIN,17,"","",G,"",1946
NZ000093994,19460908,TMAX,181,"","",G,"",1946
NZ000093994,19460908,TMIN,123,"","",G,"",1946
NZ000933090,19460908,TMAX,149,"","",G,"",1946
NZ000933090,19460908,TMIN,51,"","",G,"",1946
NZ000939450,19460908,TMAX,77,"","",G,"",1946
NZ000939450,19460908,TMIN,38,"","",G,"",1946
NZ000093994,19460909,TMAX,184,"","",G,"",1946
NZ000093994,19460909,TMIN,149,"","",G,"",1946
NZ000933090,19460909,TMAX,142,"","",G,"",1946
NZ000933090,19460909,TMIN,89,"","",G,"",1946
NZ000939450,19460909,TMAX,73,"","",G,"",1946
NZ000939450,19460909,TMIN,44,"","",G,"",1946
NZ000093994,19460910,TMAX,196,"","",G,"",1946
NZ000093994,19460910,TMIN,128,"","",G,"",1946
NZ000933090,19460910,TMAX,150,"","",G,"",1946
NZ000933090,19460910,TMIN,84,"","",G,"",1946
NZ000939450,19460910,TMAX,83,"","",G,"",1946
NZ000939450,19460910,TMIN,13,"","",G,"",1946
NZ000093994,19460911,TMAX,199,"","",G,"",1946
NZ000093994,19460911,TMIN,127,"","",G,"",1946
NZ000933090,19460911,TMAX,150,"","",G,"",1946
NZ000933090,19460911,TMIN,106,"","",G,"",1946
NZ000939450,19460911,TMAX,66,"","",G,"",1946
NZ000939450,19460911,TMIN,23,"","",G,"",1946
NZ000093994,19460912,TMAX,206,"","",G,"",1946
NZ000093994,19460912,TMIN,126,"","",G,"",1946
NZ000933090,19460912,TMAX,167,"","",G,"",1946
NZ000933090,19460912,TMIN,93,"","",G,"",1946
NZ000939450,19460912,TMAX,89,"","",G,"",1946
NZ000939450,19460912,TMIN,56,"","",G,"",1946
NZ000093994,19460913,TMAX,201,"","",G,"",1946
NZ000093994,19460913,TMIN,121,"","",G,"",1946
NZ000933090,19460913,TMAX,162,"","",G,"",1946
NZ000933090,19460913,TMIN,122,"","",G,"",1946
NZ000939450,19460913,TMAX,89,"","",G,"",1946
NZ000939450,19460913,TMIN,44,"","",G,"",1946
NZ000093994,19460914,TMAX,206,"","",G,"",1946
NZ000093994,19460914,TMIN,119,"","",G,"",1946
NZ000933090,19460914,TMAX,154,"","",G,"",1946
NZ000933090,19460914,TMIN,124,"","",G,"",1946
NZ000939450,19460914,TMAX,77,"","",G,"",1946
NZ000939450,19460914,TMIN,11,"","",G,"",1946
NZ000093994,19460915,TMAX,207,"","",G,"",1946
NZ000093994,19460915,TMIN,168,"","",G,"",1946
NZ000933090,19460915,TMAX,146,"","",G,"",1946
NZ000933090,19460915,TMIN,64,"","",G,"",1946
NZ000939450,19460915,TMAX,61,"","",G,"",1946
NZ000939450,19460915,TMIN,28,"","",G,"",1946
NZ000093994,19460916,TMAX,212,"","",G,"",1946
NZ000093994,19460916,TMIN,151,"","",G,"",1946
NZ000933090,19460916,TMAX,140,"","",G,"",1946
NZ000933090,19460916,TMIN,73,"","",G,"",1946
NZ000939450,19460916,TMAX,92,"","",G,"",1946
NZ000939450,19460916,TMIN,18,"","",G,"",1946
NZ000093994,19460917,TMAX,184,"","",G,"",1946
NZ000093994,19460917,TMIN,131,"","",G,"",1946
NZ000933090,19460917,TMAX,141,"","",G,"",1946
NZ000933090,19460917,TMIN,28,"","",G,"",1946
NZ000939450,19460917,TMAX,73,"","",G,"",1946
NZ000939450,19460917,TMIN,34,"","",G,"",1946
NZ000093994,19460918,TMAX,206,"","",G,"",1946
NZ000093994,19460918,TMIN,107,"","",G,"",1946
NZ000933090,19460918,TMAX,140,"","",G,"",1946
NZ000933090,19460918,TMIN,53,"","",G,"",1946
NZ000939450,19460918,TMAX,67,"","",G,"",1946
NZ000939450,19460918,TMIN,24,"","",G,"",1946
NZ000093994,19460919,TMAX,178,"","",G,"",1946
NZ000093994,19460919,TMIN,126,"","",G,"",1946
NZ000933090,19460919,TMAX,139,"","",G,"",1946
NZ000933090,19460919,TMIN,8,"","",G,"",1946
NZ000939450,19460919,TMAX,72,"","",G,"",1946
NZ000939450,19460919,TMIN,39,"","",G,"",1946
NZ000093994,19460920,TMAX,179,"","",G,"",1946
NZ000093994,19460920,TMIN,106,"","",G,"",1946
NZ000933090,19460920,TMAX,147,"","",G,"",1946
NZ000933090,19460920,TMIN,96,"","",G,"",1946
NZ000939450,19460920,TMAX,72,"","",G,"",1946
NZ000939450,19460920,TMIN,41,"","",G,"",1946
NZ000093994,19460921,TMAX,186,"","",G,"",1946
NZ000093994,19460921,TMIN,124,"","",G,"",1946
NZ000933090,19460921,TMAX,142,"","",G,"",1946
NZ000933090,19460921,TMIN,101,"","",G,"",1946
NZ000939450,19460921,TMAX,85,"","",G,"",1946
NZ000939450,19460921,TMIN,7,"","",G,"",1946
NZ000093994,19460922,TMAX,192,"","",G,"",1946
NZ000093994,19460922,TMIN,151,"","",G,"",1946
NZ000933090,19460922,TMAX,157,"","",G,"",1946
NZ000933090,19460922,TMIN,98,"","",G,"",1946
NZ000939450,19460922,TMAX,78,"","",G,"",1946
NZ000939450,19460922,TMIN,-4,"","",G,"",1946
NZ000093994,19460923,TMAX,207,"","",G,"",1946
NZ000093994,19460923,TMIN,169,"","",G,"",1946
NZ000933090,19460923,TMAX,151,"","",G,"",1946
NZ000933090,19460923,TMIN,94,"","",G,"",1946
NZ000939450,19460923,TMAX,53,"","",G,"",1946
NZ000939450,19460923,TMIN,-36,"","",G,"",1946
NZ000093994,19460924,TMAX,207,"","",G,"",1946
NZ000093994,19460924,TMIN,156,"","",G,"",1946
NZ000933090,19460924,TMAX,140,"","",G,"",1946
NZ000933090,19460924,TMIN,80,"","",G,"",1946
NZ000939450,19460924,TMAX,71,"","",G,"",1946
NZ000939450,19460924,TMIN,7,"","",G,"",1946
NZ000093994,19460925,TMAX,204,"","",G,"",1946
NZ000093994,19460925,TMIN,134,"","",G,"",1946
NZ000933090,19460925,TMAX,148,"","",G,"",1946
NZ000933090,19460925,TMIN,87,"","",G,"",1946
NZ000939450,19460925,TMAX,83,"","",G,"",1946
NZ000939450,19460925,TMIN,-3,"","",G,"",1946
NZ000093994,19460926,TMAX,198,"","",G,"",1946
NZ000093994,19460926,TMIN,133,"","",G,"",1946
NZ000933090,19460926,TMAX,146,"","",G,"",1946
NZ000933090,19460926,TMIN,74,"","",G,"",1946
NZ000939450,19460926,TMAX,92,"","",G,"",1946
NZ000939450,19460926,TMIN,47,"","",G,"",1946
NZ000093994,19460927,TMAX,199,"","",G,"",1946
NZ000093994,19460927,TMIN,157,"","",G,"",1946
NZ000933090,19460927,TMAX,140,"","",G,"",1946
NZ000933090,19460927,TMIN,49,"","",G,"",1946
NZ000939450,19460927,TMAX,77,"","",G,"",1946
NZ000939450,19460927,TMIN,-1,"","",G,"",1946
NZ000093994,19460928,TMAX,194,"","",G,"",1946
NZ000093994,19460928,TMIN,148,"","",G,"",1946
NZ000933090,19460928,TMAX,137,"","",G,"",1946
NZ000933090,19460928,TMIN,72,"","",G,"",1946
NZ000939450,19460928,TMAX,72,"","",G,"",1946
NZ000939450,19460928,TMIN,-22,"","",G,"",1946
NZ000093994,19460929,TMAX,192,"","",G,"",1946
NZ000093994,19460929,TMIN,148,"","",G,"",1946
NZ000933090,19460929,TMAX,131,"","",G,"",1946
NZ000933090,19460929,TMIN,30,"","",G,"",1946
NZ000939450,19460929,TMAX,94,"","",G,"",1946
NZ000939450,19460929,TMIN,39,"","",G,"",1946
NZ000093994,19460930,TMAX,191,"","",G,"",1946
NZ000093994,19460930,TMIN,115,"","",G,"",1946
NZ000933090,19460930,TMAX,128,"","",G,"",1946
NZ000933090,19460930,TMIN,81,"","",G,"",1946
NZ000939450,19460930,TMAX,99,"","",G,"",1946
NZ000939450,19460930,TMIN,33,"","",G,"",1946
NZ000093994,19461001,TMAX,203,"","",G,"",1946
NZ000093994,19461001,TMIN,165,"","",G,"",1946
NZ000933090,19461001,TMAX,139,"","",G,"",1946
NZ000933090,19461001,TMIN,79,"","",G,"",1946
NZ000939450,19461001,TMAX,88,"","",G,"",1946
NZ000939450,19461001,TMIN,44,"","",G,"",1946
NZ000093994,19461002,TMAX,206,"","",G,"",1946
NZ000093994,19461002,TMIN,123,"","",G,"",1946
NZ000933090,19461002,TMAX,145,"","",G,"",1946
NZ000933090,19461002,TMIN,82,"","",G,"",1946
NZ000939450,19461002,TMAX,96,"","",G,"",1946
NZ000939450,19461002,TMIN,37,"","",G,"",1946
NZ000093994,19461003,TMAX,192,"","",G,"",1946
NZ000093994,19461003,TMIN,158,"","",G,"",1946
NZ000933090,19461003,TMAX,151,"","",G,"",1946
NZ000933090,19461003,TMIN,99,"","",G,"",1946
NZ000939450,19461003,TMAX,89,"","",G,"",1946
NZ000939450,19461003,TMIN,38,"","",G,"",1946
NZ000093994,19461004,TMAX,210,"","",G,"",1946
NZ000093994,19461004,TMIN,163,"","",G,"",1946
NZ000933090,19461004,TMAX,157,"","",G,"",1946
NZ000933090,19461004,TMIN,74,"","",G,"",1946
NZ000939450,19461004,TMAX,83,"","",G,"",1946
NZ000939450,19461004,TMIN,63,"","",G,"",1946
NZ000093994,19461005,TMAX,203,"","",G,"",1946
NZ000093994,19461005,TMIN,138,"","",G,"",1946
NZ000933090,19461005,TMAX,153,"","",G,"",1946
NZ000933090,19461005,TMIN,94,"","",G,"",1946
NZ000939450,19461005,TMAX,88,"","",G,"",1946
NZ000939450,19461005,TMIN,17,"","",G,"",1946
NZ000093994,19461006,TMAX,200,"","",G,"",1946
NZ000093994,19461006,TMIN,123,"","",G,"",1946
NZ000933090,19461006,TMAX,150,"","",G,"",1946
NZ000933090,19461006,TMIN,39,"","",G,"",1946
NZ000939450,19461006,TMAX,80,"","",G,"",1946
NZ000939450,19461006,TMIN,37,"","",G,"",1946
NZ000093994,19461007,TMAX,204,"","",G,"",1946
NZ000093994,19461007,TMIN,142,"","",G,"",1946
NZ000933090,19461007,TMAX,134,"","",G,"",1946
NZ000933090,19461007,TMIN,26,"","",G,"",1946
NZ000939450,19461007,TMAX,81,"","",G,"",1946
NZ000939450,19461007,TMIN,32,"","",G,"",1946
NZ000093994,19461008,TMAX,202,"","",G,"",1946
NZ000093994,19461008,TMIN,157,"","",G,"",1946
NZ000933090,19461008,TMAX,139,"","",G,"",1946
NZ000933090,19461008,TMIN,23,"","",G,"",1946
NZ000939450,19461008,TMAX,82,"","",G,"",1946
NZ000939450,19461008,TMIN,39,"","",G,"",1946
NZ000093994,19461009,TMAX,191,"","",G,"",1946
NZ000093994,19461009,TMIN,143,"","",G,"",1946
NZ000933090,19461009,TMAX,150,"","",G,"",1946
NZ000933090,19461009,TMIN,83,"","",G,"",1946
NZ000939450,19461009,TMAX,81,"","",G,"",1946
NZ000939450,19461009,TMIN,46,"","",G,"",1946
NZ000093994,19461010,TMAX,199,"","",G,"",1946
NZ000093994,19461010,TMIN,155,"","",G,"",1946
NZ000933090,19461010,TMAX,144,"","",G,"",1946
NZ000933090,19461010,TMIN,78,"","",G,"",1946
NZ000939450,19461010,TMAX,79,"","",G,"",1946
NZ000939450,19461010,TMIN,30,"","",G,"",1946
NZ000093994,19461011,TMAX,197,"","",G,"",1946
NZ000093994,19461011,TMIN,127,"","",G,"",1946
NZ000933090,19461011,TMAX,146,"","",G,"",1946
NZ000933090,19461011,TMIN,74,"","",G,"",1946
NZ000939450,19461011,TMAX,81,"","",G,"",1946
NZ000939450,19461011,TMIN,27,"","",G,"",1946
NZ000093994,19461012,TMAX,194,"","",G,"",1946
NZ000093994,19461012,TMIN,136,"","",G,"",1946
NZ000933090,19461012,TMAX,144,"","",G,"",1946
NZ000933090,19461012,TMIN,47,"","",G,"",1946
NZ000939450,19461012,TMAX,83,"","",G,"",1946
NZ000939450,19461012,TMIN,32,"","",G,"",1946
NZ000093994,19461013,TMAX,191,"","",G,"",1946
NZ000093994,19461013,TMIN,121,"","",G,"",1946
NZ000933090,19461013,TMAX,146,"","",G,"",1946
NZ000933090,19461013,TMIN,72,"","",G,"",1946
NZ000939450,19461013,TMAX,83,"","",G,"",1946
NZ000939450,19461013,TMIN,65,"","",G,"",1946
NZ000093994,19461014,TMAX,197,"","",G,"",1946
NZ000093994,19461014,TMIN,147,"","",G,"",1946
NZ000933090,19461014,TMAX,157,"","",G,"",1946
NZ000933090,19461014,TMIN,127,"","",G,"",1946
NZ000939450,19461014,TMAX,106,"","",G,"",1946
NZ000939450,19461014,TMIN,51,"","",G,"",1946
NZ000093994,19461015,TMAX,194,"","",G,"",1946
NZ000093994,19461015,TMIN,159,"","",G,"",1946
NZ000933090,19461015,TMAX,156,"","",G,"",1946
NZ000933090,19461015,TMIN,129,"","",G,"",1946
NZ000939450,19461015,TMAX,89,"","",G,"",1946
NZ000939450,19461015,TMIN,37,"","",G,"",1946
NZ000093994,19461016,TMAX,201,"","",G,"",1946
NZ000093994,19461016,TMIN,157,"","",G,"",1946
NZ000933090,19461016,TMAX,158,"","",G,"",1946
NZ000933090,19461016,TMIN,103,"","",G,"",1946
NZ000939450,19461016,TMAX,94,"","",G,"",1946
NZ000939450,19461016,TMIN,44,"","",G,"",1946
NZ000093994,19461017,TMAX,197,"","",G,"",1946
NZ000093994,19461017,TMIN,152,"","",G,"",1946
NZ000933090,19461017,TMAX,168,"","",G,"",1946
NZ000933090,19461017,TMIN,92,"","",G,"",1946
NZ000939450,19461017,TMAX,87,"","",G,"",1946
NZ000939450,19461017,TMIN,6,"","",G,"",1946
NZ000093994,19461018,TMAX,194,"","",G,"",1946
NZ000093994,19461018,TMIN,168,"","",G,"",1946
NZ000933090,19461018,TMAX,169,"","",G,"",1946
NZ000933090,19461018,TMIN,100,"","",G,"",1946
NZ000939450,19461018,TMAX,67,"","",G,"",1946
NZ000939450,19461018,TMIN,22,"","",G,"",1946
NZ000093994,19461019,TMAX,221,"","",G,"",1946
NZ000093994,19461019,TMIN,169,"","",G,"",1946
NZ000933090,19461019,TMAX,162,"","",G,"",1946
NZ000933090,19461019,TMIN,96,"","",G,"",1946
NZ000939450,19461019,TMAX,67,"","",G,"",1946
NZ000939450,19461019,TMIN,-1,"","",G,"",1946
NZ000093994,19461020,TMAX,214,"","",G,"",1946
NZ000093994,19461020,TMIN,170,"","",G,"",1946
NZ000933090,19461020,TMAX,153,"","",G,"",1946
NZ000933090,19461020,TMIN,58,"","",G,"",1946
NZ000939450,19461020,TMAX,61,"","",G,"",1946
NZ000939450,19461020,TMIN,-22,"","",G,"",1946
NZ000093994,19461021,TMAX,204,"","",G,"",1946
NZ000093994,19461021,TMIN,150,"","",G,"",1946
NZ000933090,19461021,TMAX,118,"","",G,"",1946
NZ000933090,19461021,TMIN,8,"","",G,"",1946
NZ000939450,19461021,TMAX,57,"","",G,"",1946
NZ000939450,19461021,TMIN,9,"","",G,"",1946
NZ000093994,19461022,TMAX,191,"","",G,"",1946
NZ000093994,19461022,TMIN,114,"","",G,"",1946
NZ000933090,19461022,TMAX,144,"","",G,"",1946
NZ000933090,19461022,TMIN,91,"","",G,"",1946
NZ000939450,19461022,TMAX,83,"","",G,"",1946
NZ000939450,19461022,TMIN,24,"","",G,"",1946
NZ000093994,19461023,TMAX,188,"","",G,"",1946
NZ000093994,19461023,TMIN,117,"","",G,"",1946
NZ000933090,19461023,TMAX,151,"","",G,"",1946
NZ000933090,19461023,TMIN,118,"","",G,"",1946
NZ000939450,19461023,TMAX,83,"","",G,"",1946
NZ000939450,19461023,TMIN,33,"","",G,"",1946
NZ000093994,19461024,TMAX,203,"","",G,"",1946
NZ000093994,19461024,TMIN,141,"","",G,"",1946
NZ000933090,19461024,TMAX,148,"","",G,"",1946
NZ000933090,19461024,TMIN,112,"","",G,"",1946
NZ000939450,19461024,TMAX,89,"","",G,"",1946
NZ000939450,19461024,TMIN,62,"","",G,"",1946
NZ000093994,19461025,TMAX,211,"","",G,"",1946
NZ000093994,19461025,TMIN,154,"","",G,"",1946
NZ000933090,19461025,TMAX,156,"","",G,"",1946
NZ000933090,19461025,TMIN,69,"","",G,"",1946
NZ000939450,19461025,TMAX,91,"","",G,"",1946
NZ000939450,19461025,TMIN,57,"","",G,"",1946
NZ000093994,19461026,TMAX,216,"","",G,"",1946
NZ000093994,19461026,TMIN,148,"","",G,"",1946
NZ000933090,19461026,TMAX,149,"","",G,"",1946
NZ000933090,19461026,TMIN,84,"","",G,"",1946
NZ000939450,19461026,TMAX,69,"","",G,"",1946
NZ000939450,19461026,TMIN,26,"","",G,"",1946
NZ000093994,19461027,TMAX,213,"","",G,"",1946
NZ000093994,19461027,TMIN,141,"","",G,"",1946
NZ000933090,19461027,TMAX,151,"","",G,"",1946
NZ000933090,19461027,TMIN,56,"","",G,"",1946
NZ000939450,19461027,TMAX,79,"","",G,"",1946
NZ000939450,19461027,TMIN,11,"","",G,"",1946
NZ000093994,19461028,TMAX,208,"","",G,"",1946
NZ000093994,19461028,TMIN,164,"","",G,"",1946
NZ000933090,19461028,TMAX,153,"","",G,"",1946
NZ000933090,19461028,TMIN,72,"","",G,"",1946
NZ000939450,19461028,TMAX,84,"","",G,"",1946
NZ000939450,19461028,TMIN,59,"","",G,"",1946
NZ000093994,19461029,TMAX,195,"","",G,"",1946
NZ000093994,19461029,TMIN,131,"","",G,"",1946
NZ000933090,19461029,TMAX,145,"","",G,"",1946
NZ000933090,19461029,TMIN,84,"","",G,"",1946
NZ000939450,19461029,TMAX,94,"","",G,"",1946
NZ000939450,19461029,TMIN,54,"","",G,"",1946
NZ000093994,19461030,TMAX,203,"","",G,"",1946
NZ000093994,19461030,TMIN,141,"","",G,"",1946
NZ000933090,19461030,TMAX,134,"","",G,"",1946
NZ000933090,19461030,TMIN,60,"","",G,"",1946
NZ000939450,19461030,TMAX,111,"","",G,"",1946
NZ000939450,19461030,TMIN,20,"","",G,"",1946
NZ000093994,19461031,TMAX,207,"","",G,"",1946
NZ000093994,19461031,TMIN,149,"","",G,"",1946
NZ000933090,19461031,TMAX,135,"","",G,"",1946
NZ000933090,19461031,TMIN,53,"","",G,"",1946
NZ000939450,19461031,TMAX,72,"","",G,"",1946
NZ000939450,19461031,TMIN,22,"","",G,"",1946
NZ000093994,19461101,TMAX,198,"","",G,"",1946
NZ000093994,19461101,TMIN,124,"","",G,"",1946
NZ000933090,19461101,TMAX,143,"","",G,"",1946
NZ000933090,19461101,TMIN,72,"","",G,"",1946
NZ000939450,19461101,TMAX,78,"","",G,"",1946
NZ000939450,19461101,TMIN,26,"","",G,"",1946
NZ000093994,19461102,TMAX,199,"","",G,"",1946
NZ000093994,19461102,TMIN,125,"","",G,"",1946
NZ000933090,19461102,TMAX,147,"","",G,"",1946
NZ000933090,19461102,TMIN,45,"","",G,"",1946
NZ000939450,19461102,TMAX,100,"","",G,"",1946
NZ000939450,19461102,TMIN,57,"","",G,"",1946
NZ000093994,19461103,TMAX,202,"","",G,"",1946
NZ000093994,19461103,TMIN,128,"","",G,"",1946
NZ000933090,19461103,TMAX,150,"","",G,"",1946
NZ000933090,19461103,TMIN,52,"","",G,"",1946
NZ000939450,19461103,TMAX,111,"","",G,"",1946
NZ000939450,19461103,TMIN,64,"","",G,"",1946
NZ000093994,19461104,TMAX,206,"","",G,"",1946
NZ000093994,19461104,TMIN,162,"","",G,"",1946
NZ000933090,19461104,TMAX,160,"","",G,"",1946
NZ000933090,19461104,TMIN,112,"","",G,"",1946
NZ000939450,19461104,TMAX,78,"","",G,"",1946
NZ000939450,19461104,TMIN,62,"","",G,"",1946
NZ000093994,19461105,TMAX,200,"","",G,"",1946
NZ000093994,19461105,TMIN,160,"","",G,"",1946
NZ000933090,19461105,TMAX,156,"","",G,"",1946
NZ000933090,19461105,TMIN,88,"","",G,"",1946
NZ000939450,19461105,TMAX,95,"","",G,"",1946
NZ000939450,19461105,TMIN,8,"","",G,"",1946
NZ000093994,19461106,TMAX,189,"","",G,"",1946
NZ000093994,19461106,TMIN,145,"","",G,"",1946
NZ000933090,19461106,TMAX,139,"","",G,"",1946
NZ000933090,19461106,TMIN,88,"","",G,"",1946
NZ000939450,19461106,TMAX,44,"","",G,"",1946
NZ000939450,19461106,TMIN,-16,"","",G,"",1946
NZ000093994,19461107,TMAX,199,"","",G,"",1946
NZ000093994,19461107,TMIN,169,"","",G,"",1946
NZ000933090,19461107,TMAX,149,"","",G,"",1946
NZ000933090,19461107,TMIN,57,"","",G,"",1946
NZ000939450,19461107,TMAX,47,"","",G,"",1946
NZ000939450,19461107,TMIN,1,"","",G,"",1946
NZ000093994,19461108,TMAX,199,"","",G,"",1946
NZ000093994,19461108,TMIN,149,"","",G,"",1946
NZ000933090,19461108,TMAX,138,"","",G,"",1946
NZ000933090,19461108,TMIN,28,"","",G,"",1946
NZ000939450,19461108,TMAX,72,"","",G,"",1946
NZ000939450,19461108,TMIN,31,"","",G,"",1946
NZ000093994,19461109,TMAX,184,"","",G,"",1946
NZ000093994,19461109,TMIN,104,"","",G,"",1946
NZ000933090,19461109,TMAX,157,"","",G,"",1946
NZ000933090,19461109,TMIN,93,"","",G,"",1946
NZ000939450,19461109,TMAX,92,"","",G,"",1946
NZ000939450,19461109,TMIN,8,"","",G,"",1946
NZ000093994,19461110,TMAX,178,"","",G,"",1946
NZ000093994,19461110,TMIN,132,"","",G,"",1946
NZ000933090,19461110,TMAX,150,"","",G,"",1946
NZ000933090,19461110,TMIN,43,"","",G,"",1946
NZ000939450,19461110,TMAX,68,"","",G,"",1946
NZ000939450,19461110,TMIN,4,"","",G,"",1946
NZ000093994,19461111,TMAX,194,"","",G,"",1946
NZ000093994,19461111,TMIN,131,"","",G,"",1946
NZ000933090,19461111,TMAX,144,"","",G,"",1946
NZ000933090,19461111,TMIN,85,"","",G,"",1946
NZ000939450,19461111,TMAX,60,"","",G,"",1946
NZ000939450,19461111,TMIN,22,"","",G,"",1946
NZ000093994,19461112,TMAX,198,"","",G,"",1946
NZ000093994,19461112,TMIN,156,"","",G,"",1946
NZ000933090,19461112,TMAX,144,"","",G,"",1946
NZ000933090,19461112,TMIN,62,"","",G,"",1946
NZ000939450,19461112,TMAX,68,"","",G,"",1946
NZ000939450,19461112,TMIN,40,"","",G,"",1946
NZ000093994,19461113,TMAX,207,"","",G,"",1946
NZ000093994,19461113,TMIN,152,"","",G,"",1946
NZ000933090,19461113,TMAX,139,"","",G,"",1946
NZ000933090,19461113,TMIN,88,"","",G,"",1946
NZ000939450,19461113,TMAX,83,"","",G,"",1946
NZ000939450,19461113,TMIN,44,"","",G,"",1946
NZ000093994,19461114,TMAX,212,"","",G,"",1946
NZ000093994,19461114,TMIN,185,"","",G,"",1946
NZ000933090,19461114,TMAX,152,"","",G,"",1946
NZ000933090,19461114,TMIN,79,"","",G,"",1946
NZ000939450,19461114,TMAX,76,"","",G,"",1946
NZ000939450,19461114,TMIN,55,"","",G,"",1946
NZ000093994,19461115,TMAX,221,"","",G,"",1946
NZ000093994,19461115,TMIN,189,"","",G,"",1946
NZ000933090,19461115,TMAX,152,"","",G,"",1946
NZ000933090,19461115,TMIN,85,"","",G,"",1946
NZ000939450,19461115,TMAX,95,"","",G,"",1946
NZ000939450,19461115,TMIN,44,"","",G,"",1946
NZ000093994,19461116,TMAX,207,"","",G,"",1946
NZ000093994,19461116,TMIN,167,"","",G,"",1946
NZ000933090,19461116,TMAX,148,"","",G,"",1946
NZ000933090,19461116,TMIN,72,"","",G,"",1946
NZ000939450,19461116,TMAX,81,"","",G,"",1946
NZ000939450,19461116,TMIN,51,"","",G,"",1946
NZ000093994,19461117,TMAX,205,"","",G,"",1946
NZ000093994,19461117,TMIN,163,"","",G,"",1946
NZ000933090,19461117,TMAX,139,"","",G,"",1946
NZ000933090,19461117,TMIN,58,"","",G,"",1946
NZ000939450,19461117,TMAX,89,"","",G,"",1946
NZ000939450,19461117,TMIN,51,"","",G,"",1946
NZ000093994,19461118,TMAX,207,"","",G,"",1946
NZ000093994,19461118,TMIN,162,"","",G,"",1946
NZ000933090,19461118,TMAX,136,"","",G,"",1946
NZ000933090,19461118,TMIN,34,"","",G,"",1946
NZ000939450,19461118,TMAX,101,"","",G,"",1946
NZ000939450,19461118,TMIN,16,"","",G,"",1946
NZ000093994,19461119,TMAX,199,"","",G,"",1946
NZ000093994,19461119,TMIN,133,"","",G,"",1946
NZ000933090,19461119,TMAX,153,"","",G,"",1946
NZ000933090,19461119,TMIN,44,"","",G,"",1946
NZ000939450,19461119,TMAX,89,"","",G,"",1946
NZ000939450,19461119,TMIN,44,"","",G,"",1946
NZ000093994,19461120,TMAX,194,"","",G,"",1946
NZ000093994,19461120,TMIN,133,"","",G,"",1946
NZ000933090,19461120,TMAX,145,"","",G,"",1946
NZ000933090,19461120,TMIN,39,"","",G,"",1946
NZ000939450,19461120,TMAX,116,"","",G,"",1946
NZ000939450,19461120,TMIN,60,"","",G,"",1946
NZ000093994,19461121,TMAX,199,"","",G,"",1946
NZ000093994,19461121,TMIN,148,"","",G,"",1946
NZ000933090,19461121,TMAX,157,"","",G,"",1946
NZ000933090,19461121,TMIN,112,"","",G,"",1946
NZ000939450,19461121,TMAX,84,"","",G,"",1946
NZ000939450,19461121,TMIN,49,"","",G,"",1946
NZ000093994,19461122,TMAX,202,"","",G,"",1946
NZ000093994,19461122,TMIN,176,"","",G,"",1946
NZ000933090,19461122,TMAX,168,"","",G,"",1946
NZ000933090,19461122,TMIN,104,"","",G,"",1946
NZ000939450,19461122,TMAX,95,"","",G,"",1946
NZ000939450,19461122,TMIN,66,"","",G,"",1946
NZ000093994,19461123,TMAX,206,"","",G,"",1946
NZ000093994,19461123,TMIN,163,"","",G,"",1946
NZ000933090,19461123,TMAX,207,"","",G,"",1946
NZ000933090,19461123,TMIN,58,"","",G,"",1946
NZ000939450,19461123,TMAX,94,"","",G,"",1946
NZ000939450,19461123,TMIN,66,"","",G,"",1946
NZ000093994,19461124,TMAX,213,"","",G,"",1946
NZ000093994,19461124,TMIN,150,"","",G,"",1946
NZ000933090,19461124,TMAX,169,"","",G,"",1946
NZ000933090,19461124,TMIN,89,"","",G,"",1946
NZ000939450,19461124,TMAX,84,"","",G,"",1946
NZ000939450,19461124,TMIN,28,"","",G,"",1946
NZ000093994,19461125,TMAX,212,"","",G,"",1946
NZ000093994,19461125,TMIN,162,"","",G,"",1946
NZ000933090,19461125,TMAX,194,"","",G,"",1946
NZ000933090,19461125,TMIN,51,"","",G,"",1946
NZ000939450,19461125,TMAX,78,"","",G,"",1946
NZ000939450,19461125,TMIN,50,"","",G,"",1946
NZ000093994,19461126,TMAX,201,"","",G,"",1946
NZ000093994,19461126,TMIN,158,"","",G,"",1946
NZ000933090,19461126,TMAX,160,"","",G,"",1946
NZ000933090,19461126,TMIN,117,"","",G,"",1946
NZ000939450,19461126,TMAX,93,"","",G,"",1946
NZ000939450,19461126,TMIN,27,"","",G,"",1946
NZ000093994,19461127,TMAX,206,"","",G,"",1946
NZ000093994,19461127,TMIN,143,"","",G,"",1946
NZ000933090,19461127,TMAX,167,"","",G,"",1946
NZ000933090,19461127,TMIN,136,"","",G,"",1946
NZ000939450,19461127,TMAX,100,"","",G,"",1946
NZ000939450,19461127,TMIN,-14,"","",G,"",1946
NZ000093994,19461128,TMAX,222,"","",G,"",1946
NZ000093994,19461128,TMIN,150,"","",G,"",1946
NZ000933090,19461128,TMAX,158,"","",G,"",1946
NZ000933090,19461128,TMIN,113,"","",G,"",1946
NZ000939450,19461128,TMAX,100,"","",G,"",1946
NZ000939450,19461128,TMIN,14,"","",G,"",1946
NZ000093994,19461129,TMAX,219,"","",G,"",1946
NZ000093994,19461129,TMIN,159,"","",G,"",1946
NZ000933090,19461129,TMAX,166,"","",G,"",1946
NZ000933090,19461129,TMIN,84,"","",G,"",1946
NZ000939450,19461129,TMAX,102,"","",G,"",1946
NZ000939450,19461129,TMIN,-3,"","",G,"",1946
NZ000093994,19461130,TMAX,228,"","",G,"",1946
NZ000093994,19461130,TMIN,157,"","",G,"",1946
NZ000933090,19461130,TMAX,151,"","",G,"",1946
NZ000933090,19461130,TMIN,59,"","",G,"",1946
NZ000939450,19461130,TMAX,103,"","",G,"",1946
NZ000939450,19461130,TMIN,33,"","",G,"",1946
NZ000093994,19461201,TMAX,228,"","",G,"",1946
NZ000093994,19461201,TMIN,153,"","",G,"",1946
NZ000933090,19461201,TMAX,149,"","",G,"",1946
NZ000933090,19461201,TMIN,101,"","",G,"",1946
NZ000939450,19461201,TMAX,85,"","",G,"",1946
NZ000939450,19461201,TMIN,39,"","",G,"",1946
NZ000093994,19461202,TMAX,223,"","",G,"",1946
NZ000093994,19461202,TMIN,164,"","",G,"",1946
NZ000933090,19461202,TMAX,164,"","",G,"",1946
NZ000933090,19461202,TMIN,106,"","",G,"",1946
NZ000939450,19461202,TMAX,84,"","",G,"",1946
NZ000939450,19461202,TMIN,49,"","",G,"",1946
NZ000093994,19461203,TMAX,234,"","",G,"",1946
NZ000093994,19461203,TMIN,161,"","",G,"",1946
NZ000933090,19461203,TMAX,161,"","",G,"",1946
NZ000933090,19461203,TMIN,73,"","",G,"",1946
NZ000939450,19461203,TMAX,94,"","",G,"",1946
NZ000939450,19461203,TMIN,49,"","",G,"",1946
NZ000093994,19461204,TMAX,233,"","",G,"",1946
NZ000093994,19461204,TMIN,178,"","",G,"",1946
NZ000933090,19461204,TMAX,162,"","",G,"",1946
NZ000933090,19461204,TMIN,96,"","",G,"",1946
NZ000939450,19461204,TMAX,111,"","",G,"",1946
NZ000939450,19461204,TMIN,56,"","",G,"",1946
NZ000093994,19461205,TMAX,232,"","",G,"",1946
NZ000093994,19461205,TMIN,189,"","",G,"",1946
NZ000933090,19461205,TMAX,168,"","",G,"",1946
NZ000933090,19461205,TMIN,83,"","",G,"",1946
NZ000939450,19461205,TMAX,101,"","",G,"",1946
NZ000939450,19461205,TMIN,38,"","",G,"",1946
NZ000093994,19461206,TMAX,236,"","",G,"",1946
NZ000093994,19461206,TMIN,161,"","",G,"",1946
NZ000933090,19461206,TMAX,183,"","",G,"",1946
NZ000933090,19461206,TMIN,89,"","",G,"",1946
NZ000939450,19461206,TMAX,88,"","",G,"",1946
NZ000939450,19461206,TMIN,34,"","",G,"",1946
NZ000093994,19461207,TMAX,222,"","",G,"",1946
NZ000093994,19461207,TMIN,168,"","",G,"",1946
NZ000933090,19461207,TMAX,172,"","",G,"",1946
NZ000933090,19461207,TMIN,101,"","",G,"",1946
NZ000939450,19461207,TMAX,101,"","",G,"",1946
NZ000939450,19461207,TMIN,77,"","",G,"",1946
NZ000093994,19461208,TMAX,222,"","",G,"",1946
NZ000093994,19461208,TMIN,170,"","",G,"",1946
NZ000933090,19461208,TMAX,186,"","",G,"",1946
NZ000933090,19461208,TMIN,133,"","",G,"",1946
NZ000939450,19461208,TMAX,96,"","",G,"",1946
NZ000939450,19461208,TMIN,72,"","",G,"",1946
NZ000093994,19461209,TMAX,223,"","",G,"",1946
NZ000093994,19461209,TMIN,177,"","",G,"",1946
NZ000933090,19461209,TMAX,196,"","",G,"",1946
NZ000933090,19461209,TMIN,156,"","",G,"",1946
NZ000939450,19461209,TMAX,134,"","",G,"",1946
NZ000939450,19461209,TMIN,73,"","",G,"",1946
NZ000093994,19461210,TMAX,228,"","",G,"",1946
NZ000093994,19461210,TMIN,180,"","",G,"",1946
NZ000933090,19461210,TMAX,168,"","",G,"",1946
NZ000933090,19461210,TMIN,117,"","",G,"",1946
NZ000939450,19461210,TMAX,141,"","",G,"",1946
NZ000939450,19461210,TMIN,69,"","",G,"",1946
NZ000093994,19461211,TMAX,241,"","",G,"",1946
NZ000093994,19461211,TMIN,182,"","",G,"",1946
NZ000933090,19461211,TMAX,172,"","",G,"",1946
NZ000933090,19461211,TMIN,94,"","",G,"",1946
NZ000939450,19461211,TMAX,88,"","",G,"",1946
NZ000939450,19461211,TMIN,34,"","",G,"",1946
NZ000093994,19461212,TMAX,229,"","",G,"",1946
NZ000093994,19461212,TMIN,146,"","",G,"",1946
NZ000933090,19461212,TMAX,156,"","",G,"",1946
NZ000933090,19461212,TMIN,103,"","",G,"",1946
NZ000939450,19461212,TMAX,84,"","",G,"",1946
NZ000939450,19461212,TMIN,23,"","",G,"",1946
NZ000093994,19461213,TMAX,225,"","",G,"",1946
NZ000093994,19461213,TMIN,168,"","",G,"",1946
NZ000933090,19461213,TMAX,167,"","",G,"",1946
NZ000933090,19461213,TMIN,100,"","",G,"",1946
NZ000939450,19461213,TMAX,70,"","",G,"",1946
NZ000939450,19461213,TMIN,29,"","",G,"",1946
NZ000093994,19461214,TMAX,227,"","",G,"",1946
NZ000093994,19461214,TMIN,157,"","",G,"",1946
NZ000933090,19461214,TMAX,168,"","",G,"",1946
NZ000933090,19461214,TMIN,72,"","",G,"",1946
NZ000939450,19461214,TMAX,94,"","",G,"",1946
NZ000939450,19461214,TMIN,52,"","",G,"",1946
NZ000093994,19461215,TMAX,227,"","",G,"",1946
NZ000093994,19461215,TMIN,177,"","",G,"",1946
NZ000933090,19461215,TMAX,181,"","",G,"",1946
NZ000933090,19461215,TMIN,121,"","",G,"",1946
NZ000939450,19461215,TMAX,111,"","",G,"",1946
NZ000939450,19461215,TMIN,38,"","",G,"",1946
NZ000093994,19461216,TMAX,217,"","",G,"",1946
NZ000093994,19461216,TMIN,190,"","",G,"",1946
NZ000933090,19461216,TMAX,185,"","",G,"",1946
NZ000933090,19461216,TMIN,111,"","",G,"",1946
NZ000939450,19461216,TMAX,122,"","",G,"",1946
NZ000939450,19461216,TMIN,-7,"","",G,"",1946
NZ000093994,19461217,TMAX,239,"","",G,"",1946
NZ000093994,19461217,TMIN,208,"","",G,"",1946
NZ000933090,19461217,TMAX,194,"","",G,"",1946
NZ000933090,19461217,TMIN,136,"","",G,"",1946
NZ000939450,19461217,TMAX,111,"","",G,"",1946
NZ000939450,19461217,TMIN,71,"","",G,"",1946
NZ000093994,19461218,TMAX,239,"","",G,"",1946
NZ000093994,19461218,TMIN,216,"","",G,"",1946
NZ000933090,19461218,TMAX,182,"","",G,"",1946
NZ000933090,19461218,TMIN,84,"","",G,"",1946
NZ000939450,19461218,TMAX,99,"","",G,"",1946
NZ000939450,19461218,TMIN,67,"","",G,"",1946
NZ000093994,19461219,TMAX,235,"","",G,"",1946
NZ000093994,19461219,TMIN,188,"","",G,"",1946
NZ000933090,19461219,TMAX,176,"","",G,"",1946
NZ000933090,19461219,TMIN,84,"","",G,"",1946
NZ000939450,19461219,TMAX,99,"","",G,"",1946
NZ000939450,19461219,TMIN,33,"","",G,"",1946
NZ000093994,19461220,TMAX,234,"","",G,"",1946
NZ000093994,19461220,TMIN,178,"","",G,"",1946
NZ000933090,19461220,TMAX,159,"","",G,"",1946
NZ000933090,19461220,TMIN,73,"","",G,"",1946
NZ000939450,19461220,TMAX,94,"","",G,"",1946
NZ000939450,19461220,TMIN,46,"","",G,"",1946
NZ000093994,19461221,TMAX,211,"","",G,"",1946
NZ000093994,19461221,TMIN,164,"","",G,"",1946
NZ000933090,19461221,TMAX,173,"","",G,"",1946
NZ000933090,19461221,TMIN,87,"","",G,"",1946
NZ000939450,19461221,TMAX,116,"","",G,"",1946
NZ000939450,19461221,TMIN,64,"","",G,"",1946
NZ000093994,19461222,TMAX,211,"","",G,"",1946
NZ000093994,19461222,TMIN,161,"","",G,"",1946
NZ000933090,19461222,TMAX,178,"","",G,"",1946
NZ000933090,19461222,TMIN,144,"","",G,"",1946
NZ000939450,19461222,TMAX,102,"","",G,"",1946
NZ000939450,19461222,TMIN,57,"","",G,"",1946
NZ000093994,19461223,TMAX,211,"","",G,"",1946
NZ000093994,19461223,TMIN,204,"","",G,"",1946
NZ000933090,19461223,TMAX,182,"","",G,"",1946
NZ000933090,19461223,TMIN,79,"","",G,"",1946
NZ000939450,19461223,TMAX,128,"","",G,"",1946
NZ000939450,19461223,TMIN,27,"","",G,"",1946
NZ000093994,19461224,TMAX,228,"","",G,"",1946
NZ000093994,19461224,TMIN,169,"","",G,"",1946
NZ000933090,19461224,TMAX,163,"","",G,"",1946
NZ000933090,19461224,TMIN,44,"","",G,"",1946
NZ000939450,19461224,TMAX,107,"","",G,"",1946
NZ000939450,19461224,TMIN,0,"","",G,"",1946
NZ000093994,19461225,TMAX,217,"","",G,"",1946
NZ000093994,19461225,TMIN,150,"","",G,"",1946
NZ000933090,19461225,TMAX,161,"","",G,"",1946
NZ000933090,19461225,TMIN,73,"","",G,"",1946
NZ000939450,19461225,TMAX,110,"","",G,"",1946
NZ000939450,19461225,TMIN,53,"","",G,"",1946
NZ000093994,19461226,TMAX,222,"","",G,"",1946
NZ000093994,19461226,TMIN,165,"","",G,"",1946
NZ000933090,19461226,TMAX,169,"","",G,"",1946
NZ000933090,19461226,TMIN,98,"","",G,"",1946
NZ000939450,19461226,TMAX,104,"","",G,"",1946
NZ000939450,19461226,TMIN,33,"","",G,"",1946
NZ000093994,19461227,TMAX,227,"","",G,"",1946
NZ000093994,19461227,TMIN,155,"","",G,"",1946
NZ000933090,19461227,TMAX,171,"","",G,"",1946
NZ000933090,19461227,TMIN,99,"","",G,"",1946
NZ000939450,19461227,TMAX,111,"","",G,"",1946
NZ000939450,19461227,TMIN,36,"","",G,"",1946
NZ000093994,19461228,TMAX,226,"","",G,"",1946
NZ000093994,19461228,TMIN,158,"","",G,"",1946
NZ000933090,19461228,TMAX,160,"","",G,"",1946
NZ000933090,19461228,TMIN,92,"","",G,"",1946
NZ000939450,19461228,TMAX,108,"","",G,"",1946
NZ000939450,19461228,TMIN,30,"","",G,"",1946
NZ000093994,19461229,TMAX,221,"","",G,"",1946
NZ000093994,19461229,TMIN,163,"","",G,"",1946
NZ000933090,19461229,TMAX,167,"","",G,"",1946
NZ000933090,19461229,TMIN,110,"","",G,"",1946
NZ000939450,19461229,TMAX,101,"","",G,"",1946
NZ000939450,19461229,TMIN,39,"","",G,"",1946
NZ000093994,19461230,TMAX,223,"","",G,"",1946
NZ000093994,19461230,TMIN,149,"","",G,"",1946
NZ000933090,19461230,TMAX,162,"","",G,"",1946
NZ000933090,19461230,TMIN,142,"","",G,"",1946
NZ000939450,19461230,TMAX,117,"","",G,"",1946
NZ000939450,19461230,TMIN,-3,"","",G,"",1946
NZ000093994,19461231,TMAX,244,"","",G,"",1946
NZ000093994,19461231,TMIN,193,"","",G,"",1946
NZ000933090,19461231,TMAX,179,"","",G,"",1946
NZ000933090,19461231,TMIN,119,"","",G,"",1946
NZ000939450,19461231,TMAX,117,"","",G,"",1946
NZ000939450,19461231,TMIN,53,"","",G,"",1946
